	PMCID	SENTENCE_NUM	SENTENCE_START	SENTENCE_END	WORD	POS_TAG	WORD_START	WORD_END
0	PMC2022676.nxml.gz	PMC2022676.nxml.gz_0	0	213	Diet	NNP	0	4
1	PMC2022676.nxml.gz	PMC2022676.nxml.gz_0	0	213	and	CC	5	8
2	PMC2022676.nxml.gz	PMC2022676.nxml.gz_0	0	213	Nutrition	NNP	9	18
3	PMC2022676.nxml.gz	PMC2022676.nxml.gz_0	0	213	:	:	18	19
4	PMC2022676.nxml.gz	PMC2022676.nxml.gz_0	0	213	You	PRP	20	23
5	PMC2022676.nxml.gz	PMC2022676.nxml.gz_0	0	213	Are	VBP	24	27
6	PMC2022676.nxml.gz	PMC2022676.nxml.gz_0	0	213	What	WP	28	32
7	PMC2022676.nxml.gz	PMC2022676.nxml.gz_0	0	213	Your	PRP$	33	37
8	PMC2022676.nxml.gz	PMC2022676.nxml.gz_0	0	213	Mother	NN	38	44
9	PMC2022676.nxml.gz	PMC2022676.nxml.gz_0	0	213	Ate	IN	45	48
10	PMC2022676.nxml.gz	PMC2022676.nxml.gz_0	0	213	It	PRP	49	51
11	PMC2022676.nxml.gz	PMC2022676.nxml.gz_0	0	213	is	VBZ	52	54
12	PMC2022676.nxml.gz	PMC2022676.nxml.gz_0	0	213	now	RB	55	58
13	PMC2022676.nxml.gz	PMC2022676.nxml.gz_0	0	213	axiomatic	JJ	59	68
14	PMC2022676.nxml.gz	PMC2022676.nxml.gz_0	0	213	that	IN	69	73
15	PMC2022676.nxml.gz	PMC2022676.nxml.gz_0	0	213	the	DT	74	77
16	PMC2022676.nxml.gz	PMC2022676.nxml.gz_0	0	213	in	IN	78	80
17	PMC2022676.nxml.gz	PMC2022676.nxml.gz_0	0	213	utero	JJ	81	86
18	PMC2022676.nxml.gz	PMC2022676.nxml.gz_0	0	213	environment	NN	87	98
19	PMC2022676.nxml.gz	PMC2022676.nxml.gz_0	0	213	influences	NNS	99	109
20	PMC2022676.nxml.gz	PMC2022676.nxml.gz_0	0	213	prenatal	JJ	110	118
21	PMC2022676.nxml.gz	PMC2022676.nxml.gz_0	0	213	development	NN	119	130
22	PMC2022676.nxml.gz	PMC2022676.nxml.gz_0	0	213	and	CC	131	134
23	PMC2022676.nxml.gz	PMC2022676.nxml.gz_0	0	213	may	MD	135	138
24	PMC2022676.nxml.gz	PMC2022676.nxml.gz_0	0	213	trigger	VB	139	146
25	PMC2022676.nxml.gz	PMC2022676.nxml.gz_0	0	213	structural	JJ	147	157
26	PMC2022676.nxml.gz	PMC2022676.nxml.gz_0	0	213	and	CC	158	161
27	PMC2022676.nxml.gz	PMC2022676.nxml.gz_0	0	213	functional	JJ	162	172
28	PMC2022676.nxml.gz	PMC2022676.nxml.gz_0	0	213	changes	NNS	173	180
29	PMC2022676.nxml.gz	PMC2022676.nxml.gz_0	0	213	that	WDT	181	185
30	PMC2022676.nxml.gz	PMC2022676.nxml.gz_0	0	213	can	MD	186	189
31	PMC2022676.nxml.gz	PMC2022676.nxml.gz_0	0	213	persist	VB	190	197
32	PMC2022676.nxml.gz	PMC2022676.nxml.gz_0	0	213	for	IN	198	201
33	PMC2022676.nxml.gz	PMC2022676.nxml.gz_0	0	213	a	DT	202	203
34	PMC2022676.nxml.gz	PMC2022676.nxml.gz_0	0	213	lifetime	NN	204	212
35	PMC2022676.nxml.gz	PMC2022676.nxml.gz_0	0	213	.	.	212	213
36	PMC2022676.nxml.gz	PMC2022676.nxml.gz_1	214	388	New	NNP	214	217
37	PMC2022676.nxml.gz	PMC2022676.nxml.gz_1	214	388	evidence	NN	218	226
38	PMC2022676.nxml.gz	PMC2022676.nxml.gz_1	214	388	of	IN	227	229
39	PMC2022676.nxml.gz	PMC2022676.nxml.gz_1	214	388	the	DT	230	233
40	PMC2022676.nxml.gz	PMC2022676.nxml.gz_1	214	388	importance	NN	234	244
41	PMC2022676.nxml.gz	PMC2022676.nxml.gz_1	214	388	of	IN	245	247
42	PMC2022676.nxml.gz	PMC2022676.nxml.gz_1	214	388	the	DT	248	251
43	PMC2022676.nxml.gz	PMC2022676.nxml.gz_1	214	388	womb	NN	252	256
44	PMC2022676.nxml.gz	PMC2022676.nxml.gz_1	214	388	environment	NN	257	268
45	PMC2022676.nxml.gz	PMC2022676.nxml.gz_1	214	388	for	IN	269	272
46	PMC2022676.nxml.gz	PMC2022676.nxml.gz_1	214	388	the	DT	273	276
47	PMC2022676.nxml.gz	PMC2022676.nxml.gz_1	214	388	long	JJ	277	281
48	PMC2022676.nxml.gz	PMC2022676.nxml.gz_1	214	388	-	:	281	282
49	PMC2022676.nxml.gz	PMC2022676.nxml.gz_1	214	388	term	NN	282	286
50	PMC2022676.nxml.gz	PMC2022676.nxml.gz_1	214	388	health	NN	287	293
51	PMC2022676.nxml.gz	PMC2022676.nxml.gz_1	214	388	of	IN	294	296
52	PMC2022676.nxml.gz	PMC2022676.nxml.gz_1	214	388	offspring	VBG	297	306
53	PMC2022676.nxml.gz	PMC2022676.nxml.gz_1	214	388	was	VBD	307	310
54	PMC2022676.nxml.gz	PMC2022676.nxml.gz_1	214	388	published	VBN	311	320
55	PMC2022676.nxml.gz	PMC2022676.nxml.gz_1	214	388	in	IN	321	323
56	PMC2022676.nxml.gz	PMC2022676.nxml.gz_1	214	388	the	DT	324	327
57	PMC2022676.nxml.gz	PMC2022676.nxml.gz_1	214	388	June	NNP	328	332
58	PMC2022676.nxml.gz	PMC2022676.nxml.gz_1	214	388	2007	CD	333	337
59	PMC2022676.nxml.gz	PMC2022676.nxml.gz_1	214	388	Journal	NNP	338	345
60	PMC2022676.nxml.gz	PMC2022676.nxml.gz_1	214	388	of	IN	346	348
61	PMC2022676.nxml.gz	PMC2022676.nxml.gz_1	214	388	Clinical	NNP	349	357
62	PMC2022676.nxml.gz	PMC2022676.nxml.gz_1	214	388	Endocrinology	NNP	358	371
63	PMC2022676.nxml.gz	PMC2022676.nxml.gz_1	214	388	and	CC	372	375
64	PMC2022676.nxml.gz	PMC2022676.nxml.gz_1	214	388	Metabolism	NNP	376	386
65	PMC2022676.nxml.gz	PMC2022676.nxml.gz_1	214	388	.	.	387	388
66	PMC2022676.nxml.gz	PMC2022676.nxml.gz_2	389	680	The	DT	389	392
67	PMC2022676.nxml.gz	PMC2022676.nxml.gz_2	389	680	study	NN	393	398
68	PMC2022676.nxml.gz	PMC2022676.nxml.gz_2	389	680	’	NNP	398	399
69	PMC2022676.nxml.gz	PMC2022676.nxml.gz_2	389	680	s	VBD	399	400
70	PMC2022676.nxml.gz	PMC2022676.nxml.gz_2	389	680	findings	NNS	401	409
71	PMC2022676.nxml.gz	PMC2022676.nxml.gz_2	389	680	show	NN	410	414
72	PMC2022676.nxml.gz	PMC2022676.nxml.gz_2	389	680	for	IN	415	418
73	PMC2022676.nxml.gz	PMC2022676.nxml.gz_2	389	680	the	DT	419	422
74	PMC2022676.nxml.gz	PMC2022676.nxml.gz_2	389	680	first	JJ	423	428
75	PMC2022676.nxml.gz	PMC2022676.nxml.gz_2	389	680	time	NN	429	433
76	PMC2022676.nxml.gz	PMC2022676.nxml.gz_2	389	680	in	IN	434	436
77	PMC2022676.nxml.gz	PMC2022676.nxml.gz_2	389	680	humans	NNS	437	443
78	PMC2022676.nxml.gz	PMC2022676.nxml.gz_2	389	680	that	IN	444	448
79	PMC2022676.nxml.gz	PMC2022676.nxml.gz_2	389	680	the	DT	449	452
80	PMC2022676.nxml.gz	PMC2022676.nxml.gz_2	389	680	diet	NN	453	457
81	PMC2022676.nxml.gz	PMC2022676.nxml.gz_2	389	680	a	DT	458	459
82	PMC2022676.nxml.gz	PMC2022676.nxml.gz_2	389	680	mother	NN	460	466
83	PMC2022676.nxml.gz	PMC2022676.nxml.gz_2	389	680	consumes	NNS	467	475
84	PMC2022676.nxml.gz	PMC2022676.nxml.gz_2	389	680	in	IN	476	478
85	PMC2022676.nxml.gz	PMC2022676.nxml.gz_2	389	680	late	JJ	479	483
86	PMC2022676.nxml.gz	PMC2022676.nxml.gz_2	389	680	pregnancy	NN	484	493
87	PMC2022676.nxml.gz	PMC2022676.nxml.gz_2	389	680	can	MD	494	497
88	PMC2022676.nxml.gz	PMC2022676.nxml.gz_2	389	680	alter	VB	498	503
89	PMC2022676.nxml.gz	PMC2022676.nxml.gz_2	389	680	the	DT	504	507
90	PMC2022676.nxml.gz	PMC2022676.nxml.gz_2	389	680	stress	NN	508	514
91	PMC2022676.nxml.gz	PMC2022676.nxml.gz_2	389	680	response	NN	515	523
92	PMC2022676.nxml.gz	PMC2022676.nxml.gz_2	389	680	of	IN	524	526
93	PMC2022676.nxml.gz	PMC2022676.nxml.gz_2	389	680	her	PRP$	527	530
94	PMC2022676.nxml.gz	PMC2022676.nxml.gz_2	389	680	offspring	NN	531	540
95	PMC2022676.nxml.gz	PMC2022676.nxml.gz_2	389	680	,	,	540	541
96	PMC2022676.nxml.gz	PMC2022676.nxml.gz_2	389	680	possibly	RB	542	550
97	PMC2022676.nxml.gz	PMC2022676.nxml.gz_2	389	680	setting	VBG	551	558
98	PMC2022676.nxml.gz	PMC2022676.nxml.gz_2	389	680	the	DT	559	562
99	PMC2022676.nxml.gz	PMC2022676.nxml.gz_2	389	680	stage	NN	563	568
100	PMC2022676.nxml.gz	PMC2022676.nxml.gz_2	389	680	for	IN	569	572
101	PMC2022676.nxml.gz	PMC2022676.nxml.gz_2	389	680	greater	JJR	573	580
102	PMC2022676.nxml.gz	PMC2022676.nxml.gz_2	389	680	susceptibility	NN	581	595
103	PMC2022676.nxml.gz	PMC2022676.nxml.gz_2	389	680	to	TO	596	598
104	PMC2022676.nxml.gz	PMC2022676.nxml.gz_2	389	680	cardiovascular	VB	599	613
105	PMC2022676.nxml.gz	PMC2022676.nxml.gz_2	389	680	problems	NNS	614	622
106	PMC2022676.nxml.gz	PMC2022676.nxml.gz_2	389	680	and	CC	623	626
107	PMC2022676.nxml.gz	PMC2022676.nxml.gz_2	389	680	other	JJ	627	632
108	PMC2022676.nxml.gz	PMC2022676.nxml.gz_2	389	680	forms	NNS	633	638
109	PMC2022676.nxml.gz	PMC2022676.nxml.gz_2	389	680	of	IN	639	641
110	PMC2022676.nxml.gz	PMC2022676.nxml.gz_2	389	680	stress	NN	642	648
111	PMC2022676.nxml.gz	PMC2022676.nxml.gz_2	389	680	-	:	648	649
112	PMC2022676.nxml.gz	PMC2022676.nxml.gz_2	389	680	related	JJ	649	656
113	PMC2022676.nxml.gz	PMC2022676.nxml.gz_2	389	680	disease	NN	657	664
114	PMC2022676.nxml.gz	PMC2022676.nxml.gz_2	389	680	into	IN	665	669
115	PMC2022676.nxml.gz	PMC2022676.nxml.gz_2	389	680	adulthood	NN	670	679
116	PMC2022676.nxml.gz	PMC2022676.nxml.gz_2	389	680	.	.	679	680
117	PMC2022676.nxml.gz	PMC2022676.nxml.gz_3	681	944	The	DT	681	684
118	PMC2022676.nxml.gz	PMC2022676.nxml.gz_3	681	944	study	NN	685	690
119	PMC2022676.nxml.gz	PMC2022676.nxml.gz_3	681	944	builds	VBZ	691	697
120	PMC2022676.nxml.gz	PMC2022676.nxml.gz_3	681	944	on	IN	698	700
121	PMC2022676.nxml.gz	PMC2022676.nxml.gz_3	681	944	an	DT	701	703
122	PMC2022676.nxml.gz	PMC2022676.nxml.gz_3	681	944	investigation	NN	704	717
123	PMC2022676.nxml.gz	PMC2022676.nxml.gz_3	681	944	published	VBN	718	727
124	PMC2022676.nxml.gz	PMC2022676.nxml.gz_3	681	944	in	IN	728	730
125	PMC2022676.nxml.gz	PMC2022676.nxml.gz_3	681	944	the	DT	731	734
126	PMC2022676.nxml.gz	PMC2022676.nxml.gz_3	681	944	August	NNP	735	741
127	PMC2022676.nxml.gz	PMC2022676.nxml.gz_3	681	944	2003	CD	742	746
128	PMC2022676.nxml.gz	PMC2022676.nxml.gz_3	681	944	issue	NN	747	752
129	PMC2022676.nxml.gz	PMC2022676.nxml.gz_3	681	944	of	IN	753	755
130	PMC2022676.nxml.gz	PMC2022676.nxml.gz_3	681	944	the	DT	756	759
131	PMC2022676.nxml.gz	PMC2022676.nxml.gz_3	681	944	same	JJ	760	764
132	PMC2022676.nxml.gz	PMC2022676.nxml.gz_3	681	944	journal	NN	765	772
133	PMC2022676.nxml.gz	PMC2022676.nxml.gz_3	681	944	in	IN	773	775
134	PMC2022676.nxml.gz	PMC2022676.nxml.gz_3	681	944	which	WDT	776	781
135	PMC2022676.nxml.gz	PMC2022676.nxml.gz_3	681	944	scientists	NNS	782	792
136	PMC2022676.nxml.gz	PMC2022676.nxml.gz_3	681	944	from	IN	793	797
137	PMC2022676.nxml.gz	PMC2022676.nxml.gz_3	681	944	the	DT	798	801
138	PMC2022676.nxml.gz	PMC2022676.nxml.gz_3	681	944	United	NNP	802	808
139	PMC2022676.nxml.gz	PMC2022676.nxml.gz_3	681	944	Kingdom	NNP	809	816
140	PMC2022676.nxml.gz	PMC2022676.nxml.gz_3	681	944	found	VBD	817	822
141	PMC2022676.nxml.gz	PMC2022676.nxml.gz_3	681	944	that	IN	823	827
142	PMC2022676.nxml.gz	PMC2022676.nxml.gz_3	681	944	greater	JJR	828	835
143	PMC2022676.nxml.gz	PMC2022676.nxml.gz_3	681	944	maternal	JJ	836	844
144	PMC2022676.nxml.gz	PMC2022676.nxml.gz_3	681	944	meat	NN	845	849
145	PMC2022676.nxml.gz	PMC2022676.nxml.gz_3	681	944	and	CC	850	853
146	PMC2022676.nxml.gz	PMC2022676.nxml.gz_3	681	944	fish	JJ	854	858
147	PMC2022676.nxml.gz	PMC2022676.nxml.gz_3	681	944	intake	NN	859	865
148	PMC2022676.nxml.gz	PMC2022676.nxml.gz_3	681	944	were	VBD	866	870
149	PMC2022676.nxml.gz	PMC2022676.nxml.gz_3	681	944	linked	VBN	871	877
150	PMC2022676.nxml.gz	PMC2022676.nxml.gz_3	681	944	with	IN	878	882
151	PMC2022676.nxml.gz	PMC2022676.nxml.gz_3	681	944	elevated	JJ	883	891
152	PMC2022676.nxml.gz	PMC2022676.nxml.gz_3	681	944	fasting	VBG	892	899
153	PMC2022676.nxml.gz	PMC2022676.nxml.gz_3	681	944	plasma	NN	900	906
154	PMC2022676.nxml.gz	PMC2022676.nxml.gz_3	681	944	cortisol	NN	907	915
155	PMC2022676.nxml.gz	PMC2022676.nxml.gz_3	681	944	concentrations	NNS	916	930
156	PMC2022676.nxml.gz	PMC2022676.nxml.gz_3	681	944	in	IN	931	933
157	PMC2022676.nxml.gz	PMC2022676.nxml.gz_3	681	944	offspring	VBG	934	943
158	PMC2022676.nxml.gz	PMC2022676.nxml.gz_3	681	944	.	.	943	944
159	PMC2022676.nxml.gz	PMC2022676.nxml.gz_4	945	1097	The	DT	945	948
160	PMC2022676.nxml.gz	PMC2022676.nxml.gz_4	945	1097	adrenal	JJ	949	956
161	PMC2022676.nxml.gz	PMC2022676.nxml.gz_4	945	1097	glands	NNS	957	963
162	PMC2022676.nxml.gz	PMC2022676.nxml.gz_4	945	1097	secrete	JJ	964	971
163	PMC2022676.nxml.gz	PMC2022676.nxml.gz_4	945	1097	cortisol	NN	972	980
164	PMC2022676.nxml.gz	PMC2022676.nxml.gz_4	945	1097	in	IN	981	983
165	PMC2022676.nxml.gz	PMC2022676.nxml.gz_4	945	1097	response	NN	984	992
166	PMC2022676.nxml.gz	PMC2022676.nxml.gz_4	945	1097	to	TO	993	995
167	PMC2022676.nxml.gz	PMC2022676.nxml.gz_4	945	1097	chronic	JJ	996	1003
168	PMC2022676.nxml.gz	PMC2022676.nxml.gz_4	945	1097	stress	NN	1004	1010
169	PMC2022676.nxml.gz	PMC2022676.nxml.gz_4	945	1097	,	,	1010	1011
170	PMC2022676.nxml.gz	PMC2022676.nxml.gz_4	945	1097	and	CC	1012	1015
171	PMC2022676.nxml.gz	PMC2022676.nxml.gz_4	945	1097	this	DT	1016	1020
172	PMC2022676.nxml.gz	PMC2022676.nxml.gz_4	945	1097	can	MD	1021	1024
173	PMC2022676.nxml.gz	PMC2022676.nxml.gz_4	945	1097	affect	VB	1025	1031
174	PMC2022676.nxml.gz	PMC2022676.nxml.gz_4	945	1097	both	DT	1032	1036
175	PMC2022676.nxml.gz	PMC2022676.nxml.gz_4	945	1097	vascular	JJ	1037	1045
176	PMC2022676.nxml.gz	PMC2022676.nxml.gz_4	945	1097	responses	NNS	1046	1055
177	PMC2022676.nxml.gz	PMC2022676.nxml.gz_4	945	1097	and	CC	1056	1059
178	PMC2022676.nxml.gz	PMC2022676.nxml.gz_4	945	1097	the	DT	1060	1063
179	PMC2022676.nxml.gz	PMC2022676.nxml.gz_4	945	1097	metabolism	NN	1064	1074
180	PMC2022676.nxml.gz	PMC2022676.nxml.gz_4	945	1097	of	IN	1075	1077
181	PMC2022676.nxml.gz	PMC2022676.nxml.gz_4	945	1097	glucose	JJ	1078	1085
182	PMC2022676.nxml.gz	PMC2022676.nxml.gz_4	945	1097	and	CC	1086	1089
183	PMC2022676.nxml.gz	PMC2022676.nxml.gz_4	945	1097	lipids	NNS	1090	1096
184	PMC2022676.nxml.gz	PMC2022676.nxml.gz_4	945	1097	.	.	1096	1097
185	PMC2022676.nxml.gz	PMC2022676.nxml.gz_5	1098	1289	Epidemiologic	NNP	1098	1111
186	PMC2022676.nxml.gz	PMC2022676.nxml.gz_5	1098	1289	studies	NNS	1112	1119
187	PMC2022676.nxml.gz	PMC2022676.nxml.gz_5	1098	1289	have	VBP	1120	1124
188	PMC2022676.nxml.gz	PMC2022676.nxml.gz_5	1098	1289	established	VBN	1125	1136
189	PMC2022676.nxml.gz	PMC2022676.nxml.gz_5	1098	1289	that	IN	1137	1141
190	PMC2022676.nxml.gz	PMC2022676.nxml.gz_5	1098	1289	chronic	JJ	1142	1149
191	PMC2022676.nxml.gz	PMC2022676.nxml.gz_5	1098	1289	elevation	NN	1150	1159
192	PMC2022676.nxml.gz	PMC2022676.nxml.gz_5	1098	1289	of	IN	1160	1162
193	PMC2022676.nxml.gz	PMC2022676.nxml.gz_5	1098	1289	cortisol	NN	1163	1171
194	PMC2022676.nxml.gz	PMC2022676.nxml.gz_5	1098	1289	levels	NNS	1172	1178
195	PMC2022676.nxml.gz	PMC2022676.nxml.gz_5	1098	1289	in	IN	1179	1181
196	PMC2022676.nxml.gz	PMC2022676.nxml.gz_5	1098	1289	children	NNS	1182	1190
197	PMC2022676.nxml.gz	PMC2022676.nxml.gz_5	1098	1289	and	CC	1191	1194
198	PMC2022676.nxml.gz	PMC2022676.nxml.gz_5	1098	1289	young	JJ	1195	1200
199	PMC2022676.nxml.gz	PMC2022676.nxml.gz_5	1098	1289	adults	NNS	1201	1207
200	PMC2022676.nxml.gz	PMC2022676.nxml.gz_5	1098	1289	can	MD	1208	1211
201	PMC2022676.nxml.gz	PMC2022676.nxml.gz_5	1098	1289	raise	VB	1212	1217
202	PMC2022676.nxml.gz	PMC2022676.nxml.gz_5	1098	1289	the	DT	1218	1221
203	PMC2022676.nxml.gz	PMC2022676.nxml.gz_5	1098	1289	risk	NN	1222	1226
204	PMC2022676.nxml.gz	PMC2022676.nxml.gz_5	1098	1289	of	IN	1227	1229
205	PMC2022676.nxml.gz	PMC2022676.nxml.gz_5	1098	1289	later	JJ	1230	1235
206	PMC2022676.nxml.gz	PMC2022676.nxml.gz_5	1098	1289	developing	VBG	1236	1246
207	PMC2022676.nxml.gz	PMC2022676.nxml.gz_5	1098	1289	hypertension	NN	1247	1259
208	PMC2022676.nxml.gz	PMC2022676.nxml.gz_5	1098	1289	,	,	1259	1260
209	PMC2022676.nxml.gz	PMC2022676.nxml.gz_5	1098	1289	diabetes	VBZ	1261	1269
210	PMC2022676.nxml.gz	PMC2022676.nxml.gz_5	1098	1289	,	,	1269	1270
211	PMC2022676.nxml.gz	PMC2022676.nxml.gz_5	1098	1289	and	CC	1271	1274
212	PMC2022676.nxml.gz	PMC2022676.nxml.gz_5	1098	1289	heart	NN	1275	1280
213	PMC2022676.nxml.gz	PMC2022676.nxml.gz_5	1098	1289	disease	NN	1281	1288
214	PMC2022676.nxml.gz	PMC2022676.nxml.gz_5	1098	1289	.	.	1288	1289
215	PMC2022676.nxml.gz	PMC2022676.nxml.gz_6	1290	1422	That	DT	1290	1294
216	PMC2022676.nxml.gz	PMC2022676.nxml.gz_6	1290	1422	original	JJ	1295	1303
217	PMC2022676.nxml.gz	PMC2022676.nxml.gz_6	1290	1422	study	NN	1304	1309
218	PMC2022676.nxml.gz	PMC2022676.nxml.gz_6	1290	1422	population	NN	1310	1320
219	PMC2022676.nxml.gz	PMC2022676.nxml.gz_6	1290	1422	was	VBD	1321	1324
220	PMC2022676.nxml.gz	PMC2022676.nxml.gz_6	1290	1422	a	DT	1325	1326
221	PMC2022676.nxml.gz	PMC2022676.nxml.gz_6	1290	1422	group	NN	1327	1332
222	PMC2022676.nxml.gz	PMC2022676.nxml.gz_6	1290	1422	of	IN	1333	1335
223	PMC2022676.nxml.gz	PMC2022676.nxml.gz_6	1290	1422	mothers	NNS	1336	1343
224	PMC2022676.nxml.gz	PMC2022676.nxml.gz_6	1290	1422	attending	VBG	1344	1353
225	PMC2022676.nxml.gz	PMC2022676.nxml.gz_6	1290	1422	a	DT	1354	1355
226	PMC2022676.nxml.gz	PMC2022676.nxml.gz_6	1290	1422	maternity	NN	1356	1365
227	PMC2022676.nxml.gz	PMC2022676.nxml.gz_6	1290	1422	hospital	NN	1366	1374
228	PMC2022676.nxml.gz	PMC2022676.nxml.gz_6	1290	1422	in	IN	1375	1377
229	PMC2022676.nxml.gz	PMC2022676.nxml.gz_6	1290	1422	Motherwell	NNP	1378	1388
230	PMC2022676.nxml.gz	PMC2022676.nxml.gz_6	1290	1422	,	,	1388	1389
231	PMC2022676.nxml.gz	PMC2022676.nxml.gz_6	1290	1422	Scotland	NNP	1390	1398
232	PMC2022676.nxml.gz	PMC2022676.nxml.gz_6	1290	1422	,	,	1398	1399
233	PMC2022676.nxml.gz	PMC2022676.nxml.gz_6	1290	1422	between	IN	1400	1407
234	PMC2022676.nxml.gz	PMC2022676.nxml.gz_6	1290	1422	1952	CD	1408	1412
235	PMC2022676.nxml.gz	PMC2022676.nxml.gz_6	1290	1422	and	CC	1413	1416
236	PMC2022676.nxml.gz	PMC2022676.nxml.gz_6	1290	1422	1976	CD	1417	1421
237	PMC2022676.nxml.gz	PMC2022676.nxml.gz_6	1290	1422	.	.	1421	1422
238	PMC2022676.nxml.gz	PMC2022676.nxml.gz_7	1423	1579	These	DT	1423	1428
239	PMC2022676.nxml.gz	PMC2022676.nxml.gz_7	1423	1579	mothers	NNS	1429	1436
240	PMC2022676.nxml.gz	PMC2022676.nxml.gz_7	1423	1579	had	VBD	1437	1440
241	PMC2022676.nxml.gz	PMC2022676.nxml.gz_7	1423	1579	been	VBN	1441	1445
242	PMC2022676.nxml.gz	PMC2022676.nxml.gz_7	1423	1579	advised	VBN	1446	1453
243	PMC2022676.nxml.gz	PMC2022676.nxml.gz_7	1423	1579	to	TO	1454	1456
244	PMC2022676.nxml.gz	PMC2022676.nxml.gz_7	1423	1579	eat	VB	1457	1460
245	PMC2022676.nxml.gz	PMC2022676.nxml.gz_7	1423	1579	a	DT	1461	1462
246	PMC2022676.nxml.gz	PMC2022676.nxml.gz_7	1423	1579	high	JJ	1463	1467
247	PMC2022676.nxml.gz	PMC2022676.nxml.gz_7	1423	1579	-	:	1467	1468
248	PMC2022676.nxml.gz	PMC2022676.nxml.gz_7	1423	1579	meat	NN	1468	1472
249	PMC2022676.nxml.gz	PMC2022676.nxml.gz_7	1423	1579	,	,	1472	1473
250	PMC2022676.nxml.gz	PMC2022676.nxml.gz_7	1423	1579	low	JJ	1474	1477
251	PMC2022676.nxml.gz	PMC2022676.nxml.gz_7	1423	1579	-	:	1477	1478
252	PMC2022676.nxml.gz	PMC2022676.nxml.gz_7	1423	1579	carbohydrate	NN	1478	1490
253	PMC2022676.nxml.gz	PMC2022676.nxml.gz_7	1423	1579	diet	NN	1491	1495
254	PMC2022676.nxml.gz	PMC2022676.nxml.gz_7	1423	1579	in	IN	1496	1498
255	PMC2022676.nxml.gz	PMC2022676.nxml.gz_7	1423	1579	an	DT	1499	1501
256	PMC2022676.nxml.gz	PMC2022676.nxml.gz_7	1423	1579	experimental	JJ	1502	1514
257	PMC2022676.nxml.gz	PMC2022676.nxml.gz_7	1423	1579	attempt	NN	1515	1522
258	PMC2022676.nxml.gz	PMC2022676.nxml.gz_7	1423	1579	to	TO	1523	1525
259	PMC2022676.nxml.gz	PMC2022676.nxml.gz_7	1423	1579	prevent	VB	1526	1533
260	PMC2022676.nxml.gz	PMC2022676.nxml.gz_7	1423	1579	preeclampsia	NN	1534	1546
261	PMC2022676.nxml.gz	PMC2022676.nxml.gz_7	1423	1579	(	(	1547	1548
262	PMC2022676.nxml.gz	PMC2022676.nxml.gz_7	1423	1579	hypertension	NN	1548	1560
263	PMC2022676.nxml.gz	PMC2022676.nxml.gz_7	1423	1579	during	IN	1561	1567
264	PMC2022676.nxml.gz	PMC2022676.nxml.gz_7	1423	1579	pregnancy	NN	1568	1577
265	PMC2022676.nxml.gz	PMC2022676.nxml.gz_7	1423	1579	).	NN	1577	1579
266	PMC2022676.nxml.gz	PMC2022676.nxml.gz_8	1580	1716	The	DT	1580	1583
267	PMC2022676.nxml.gz	PMC2022676.nxml.gz_8	1580	1716	advice	NN	1584	1590
268	PMC2022676.nxml.gz	PMC2022676.nxml.gz_8	1580	1716	was	VBD	1591	1594
269	PMC2022676.nxml.gz	PMC2022676.nxml.gz_8	1580	1716	to	TO	1595	1597
270	PMC2022676.nxml.gz	PMC2022676.nxml.gz_8	1580	1716	eat	VB	1598	1601
271	PMC2022676.nxml.gz	PMC2022676.nxml.gz_8	1580	1716	1	CD	1602	1603
272	PMC2022676.nxml.gz	PMC2022676.nxml.gz_8	1580	1716	pound	NN	1604	1609
273	PMC2022676.nxml.gz	PMC2022676.nxml.gz_8	1580	1716	of	IN	1610	1612
274	PMC2022676.nxml.gz	PMC2022676.nxml.gz_8	1580	1716	red	JJ	1613	1616
275	PMC2022676.nxml.gz	PMC2022676.nxml.gz_8	1580	1716	meat	NN	1617	1621
276	PMC2022676.nxml.gz	PMC2022676.nxml.gz_8	1580	1716	daily	RB	1622	1627
277	PMC2022676.nxml.gz	PMC2022676.nxml.gz_8	1580	1716	during	IN	1628	1634
278	PMC2022676.nxml.gz	PMC2022676.nxml.gz_8	1580	1716	pregnancy	NN	1635	1644
279	PMC2022676.nxml.gz	PMC2022676.nxml.gz_8	1580	1716	and	CC	1645	1648
280	PMC2022676.nxml.gz	PMC2022676.nxml.gz_8	1580	1716	to	TO	1649	1651
281	PMC2022676.nxml.gz	PMC2022676.nxml.gz_8	1580	1716	abstain	VB	1652	1659
282	PMC2022676.nxml.gz	PMC2022676.nxml.gz_8	1580	1716	from	IN	1660	1664
283	PMC2022676.nxml.gz	PMC2022676.nxml.gz_8	1580	1716	carbohydrate	JJ	1665	1677
284	PMC2022676.nxml.gz	PMC2022676.nxml.gz_8	1580	1716	-	:	1677	1678
285	PMC2022676.nxml.gz	PMC2022676.nxml.gz_8	1580	1716	rich	JJ	1678	1682
286	PMC2022676.nxml.gz	PMC2022676.nxml.gz_8	1580	1716	foods	NNS	1683	1688
287	PMC2022676.nxml.gz	PMC2022676.nxml.gz_8	1580	1716	such	JJ	1689	1693
288	PMC2022676.nxml.gz	PMC2022676.nxml.gz_8	1580	1716	as	IN	1694	1696
289	PMC2022676.nxml.gz	PMC2022676.nxml.gz_8	1580	1716	bread	NN	1697	1702
290	PMC2022676.nxml.gz	PMC2022676.nxml.gz_8	1580	1716	and	CC	1703	1706
291	PMC2022676.nxml.gz	PMC2022676.nxml.gz_8	1580	1716	potatoes	NNS	1707	1715
292	PMC2022676.nxml.gz	PMC2022676.nxml.gz_8	1580	1716	.	.	1715	1716
293	PMC2022676.nxml.gz	PMC2022676.nxml.gz_9	1717	1879	Subsequent	JJ	1717	1727
294	PMC2022676.nxml.gz	PMC2022676.nxml.gz_9	1717	1879	studies	NNS	1728	1735
295	PMC2022676.nxml.gz	PMC2022676.nxml.gz_9	1717	1879	showed	VBD	1736	1742
296	PMC2022676.nxml.gz	PMC2022676.nxml.gz_9	1717	1879	that	IN	1743	1747
297	PMC2022676.nxml.gz	PMC2022676.nxml.gz_9	1717	1879	the	DT	1748	1751
298	PMC2022676.nxml.gz	PMC2022676.nxml.gz_9	1717	1879	adult	NN	1752	1757
299	PMC2022676.nxml.gz	PMC2022676.nxml.gz_9	1717	1879	offspring	NN	1758	1767
300	PMC2022676.nxml.gz	PMC2022676.nxml.gz_9	1717	1879	of	IN	1768	1770
301	PMC2022676.nxml.gz	PMC2022676.nxml.gz_9	1717	1879	mothers	NNS	1771	1778
302	PMC2022676.nxml.gz	PMC2022676.nxml.gz_9	1717	1879	with	IN	1779	1783
303	PMC2022676.nxml.gz	PMC2022676.nxml.gz_9	1717	1879	the	DT	1784	1787
304	PMC2022676.nxml.gz	PMC2022676.nxml.gz_9	1717	1879	highest	JJS	1788	1795
305	PMC2022676.nxml.gz	PMC2022676.nxml.gz_9	1717	1879	recorded	JJ	1796	1804
306	PMC2022676.nxml.gz	PMC2022676.nxml.gz_9	1717	1879	meat	NN	1805	1809
307	PMC2022676.nxml.gz	PMC2022676.nxml.gz_9	1717	1879	intakes	NNS	1810	1817
308	PMC2022676.nxml.gz	PMC2022676.nxml.gz_9	1717	1879	went	VBD	1818	1822
309	PMC2022676.nxml.gz	PMC2022676.nxml.gz_9	1717	1879	on	IN	1823	1825
310	PMC2022676.nxml.gz	PMC2022676.nxml.gz_9	1717	1879	to	TO	1826	1828
311	PMC2022676.nxml.gz	PMC2022676.nxml.gz_9	1717	1879	experience	VB	1829	1839
312	PMC2022676.nxml.gz	PMC2022676.nxml.gz_9	1717	1879	high	JJ	1840	1844
313	PMC2022676.nxml.gz	PMC2022676.nxml.gz_9	1717	1879	cortisol	NN	1845	1853
314	PMC2022676.nxml.gz	PMC2022676.nxml.gz_9	1717	1879	and	CC	1854	1857
315	PMC2022676.nxml.gz	PMC2022676.nxml.gz_9	1717	1879	develop	VB	1858	1865
316	PMC2022676.nxml.gz	PMC2022676.nxml.gz_9	1717	1879	hypertension	NN	1866	1878
317	PMC2022676.nxml.gz	PMC2022676.nxml.gz_9	1717	1879	.	.	1878	1879
318	PMC2022676.nxml.gz	PMC2022676.nxml.gz_10	1880	1989	For	IN	1880	1883
319	PMC2022676.nxml.gz	PMC2022676.nxml.gz_10	1880	1989	the	DT	1884	1887
320	PMC2022676.nxml.gz	PMC2022676.nxml.gz_10	1880	1989	most	RBS	1888	1892
321	PMC2022676.nxml.gz	PMC2022676.nxml.gz_10	1880	1989	recent	JJ	1893	1899
322	PMC2022676.nxml.gz	PMC2022676.nxml.gz_10	1880	1989	study	NN	1900	1905
323	PMC2022676.nxml.gz	PMC2022676.nxml.gz_10	1880	1989	,	,	1905	1906
324	PMC2022676.nxml.gz	PMC2022676.nxml.gz_10	1880	1989	researchers	NNS	1907	1918
325	PMC2022676.nxml.gz	PMC2022676.nxml.gz_10	1880	1989	recruited	VBD	1919	1928
326	PMC2022676.nxml.gz	PMC2022676.nxml.gz_10	1880	1989	31	CD	1929	1931
327	PMC2022676.nxml.gz	PMC2022676.nxml.gz_10	1880	1989	men	NNS	1932	1935
328	PMC2022676.nxml.gz	PMC2022676.nxml.gz_10	1880	1989	and	CC	1936	1939
329	PMC2022676.nxml.gz	PMC2022676.nxml.gz_10	1880	1989	39	CD	1940	1942
330	PMC2022676.nxml.gz	PMC2022676.nxml.gz_10	1880	1989	women	NNS	1943	1948
331	PMC2022676.nxml.gz	PMC2022676.nxml.gz_10	1880	1989	born	VBN	1949	1953
332	PMC2022676.nxml.gz	PMC2022676.nxml.gz_10	1880	1989	in	IN	1954	1956
333	PMC2022676.nxml.gz	PMC2022676.nxml.gz_10	1880	1989	Motherwell	NNP	1957	1967
334	PMC2022676.nxml.gz	PMC2022676.nxml.gz_10	1880	1989	during	IN	1968	1974
335	PMC2022676.nxml.gz	PMC2022676.nxml.gz_10	1880	1989	1967	CD	1975	1979
336	PMC2022676.nxml.gz	PMC2022676.nxml.gz_10	1880	1989	and	CC	1980	1983
337	PMC2022676.nxml.gz	PMC2022676.nxml.gz_10	1880	1989	1968	CD	1984	1988
338	PMC2022676.nxml.gz	PMC2022676.nxml.gz_10	1880	1989	.	.	1988	1989
339	PMC2022676.nxml.gz	PMC2022676.nxml.gz_11	1990	2159	Previous	JJ	1990	1998
340	PMC2022676.nxml.gz	PMC2022676.nxml.gz_11	1990	2159	analyses	NNS	1999	2007
341	PMC2022676.nxml.gz	PMC2022676.nxml.gz_11	1990	2159	of	IN	2008	2010
342	PMC2022676.nxml.gz	PMC2022676.nxml.gz_11	1990	2159	the	DT	2011	2014
343	PMC2022676.nxml.gz	PMC2022676.nxml.gz_11	1990	2159	data	NNS	2015	2019
344	PMC2022676.nxml.gz	PMC2022676.nxml.gz_11	1990	2159	abstracted	VBD	2020	2030
345	PMC2022676.nxml.gz	PMC2022676.nxml.gz_11	1990	2159	from	IN	2031	2035
346	PMC2022676.nxml.gz	PMC2022676.nxml.gz_11	1990	2159	obstetric	JJ	2036	2045
347	PMC2022676.nxml.gz	PMC2022676.nxml.gz_11	1990	2159	records	NNS	2046	2053
348	PMC2022676.nxml.gz	PMC2022676.nxml.gz_11	1990	2159	had	VBD	2054	2057
349	PMC2022676.nxml.gz	PMC2022676.nxml.gz_11	1990	2159	shown	VBN	2058	2063
350	PMC2022676.nxml.gz	PMC2022676.nxml.gz_11	1990	2159	a	DT	2064	2065
351	PMC2022676.nxml.gz	PMC2022676.nxml.gz_11	1990	2159	doubling	NN	2066	2074
352	PMC2022676.nxml.gz	PMC2022676.nxml.gz_11	1990	2159	of	IN	2075	2077
353	PMC2022676.nxml.gz	PMC2022676.nxml.gz_11	1990	2159	protein	NNS	2078	2085
354	PMC2022676.nxml.gz	PMC2022676.nxml.gz_11	1990	2159	intake	VBP	2086	2092
355	PMC2022676.nxml.gz	PMC2022676.nxml.gz_11	1990	2159	between	IN	2093	2100
356	PMC2022676.nxml.gz	PMC2022676.nxml.gz_11	1990	2159	early	RB	2101	2106
357	PMC2022676.nxml.gz	PMC2022676.nxml.gz_11	1990	2159	and	CC	2107	2110
358	PMC2022676.nxml.gz	PMC2022676.nxml.gz_11	1990	2159	late	JJ	2111	2115
359	PMC2022676.nxml.gz	PMC2022676.nxml.gz_11	1990	2159	pregnancy	NN	2116	2125
360	PMC2022676.nxml.gz	PMC2022676.nxml.gz_11	1990	2159	in	IN	2126	2128
361	PMC2022676.nxml.gz	PMC2022676.nxml.gz_11	1990	2159	the	DT	2129	2132
362	PMC2022676.nxml.gz	PMC2022676.nxml.gz_11	1990	2159	mothers	NNS	2133	2140
363	PMC2022676.nxml.gz	PMC2022676.nxml.gz_11	1990	2159	of	IN	2141	2143
364	PMC2022676.nxml.gz	PMC2022676.nxml.gz_11	1990	2159	these	DT	2144	2149
365	PMC2022676.nxml.gz	PMC2022676.nxml.gz_11	1990	2159	children	NNS	2150	2158
366	PMC2022676.nxml.gz	PMC2022676.nxml.gz_11	1990	2159	.	.	2158	2159
367	PMC2022676.nxml.gz	PMC2022676.nxml.gz_12	2160	2272	The	DT	2160	2163
368	PMC2022676.nxml.gz	PMC2022676.nxml.gz_12	2160	2272	70	CD	2164	2166
369	PMC2022676.nxml.gz	PMC2022676.nxml.gz_12	2160	2272	adult	NN	2167	2172
370	PMC2022676.nxml.gz	PMC2022676.nxml.gz_12	2160	2272	offspring	VBG	2173	2182
371	PMC2022676.nxml.gz	PMC2022676.nxml.gz_12	2160	2272	were	VBD	2183	2187
372	PMC2022676.nxml.gz	PMC2022676.nxml.gz_12	2160	2272	given	VBN	2188	2193
373	PMC2022676.nxml.gz	PMC2022676.nxml.gz_12	2160	2272	a	DT	2194	2195
374	PMC2022676.nxml.gz	PMC2022676.nxml.gz_12	2160	2272	5	CD	2196	2197
375	PMC2022676.nxml.gz	PMC2022676.nxml.gz_12	2160	2272	-	:	2197	2198
376	PMC2022676.nxml.gz	PMC2022676.nxml.gz_12	2160	2272	minute	NN	2198	2204
377	PMC2022676.nxml.gz	PMC2022676.nxml.gz_12	2160	2272	public	JJ	2205	2211
378	PMC2022676.nxml.gz	PMC2022676.nxml.gz_12	2160	2272	speaking	NN	2212	2220
379	PMC2022676.nxml.gz	PMC2022676.nxml.gz_12	2160	2272	task	NN	2221	2225
380	PMC2022676.nxml.gz	PMC2022676.nxml.gz_12	2160	2272	followed	VBN	2226	2234
381	PMC2022676.nxml.gz	PMC2022676.nxml.gz_12	2160	2272	by	IN	2235	2237
382	PMC2022676.nxml.gz	PMC2022676.nxml.gz_12	2160	2272	a	DT	2238	2239
383	PMC2022676.nxml.gz	PMC2022676.nxml.gz_12	2160	2272	3	CD	2240	2241
384	PMC2022676.nxml.gz	PMC2022676.nxml.gz_12	2160	2272	-	:	2241	2242
385	PMC2022676.nxml.gz	PMC2022676.nxml.gz_12	2160	2272	minute	NN	2242	2248
386	PMC2022676.nxml.gz	PMC2022676.nxml.gz_12	2160	2272	mental	JJ	2249	2255
387	PMC2022676.nxml.gz	PMC2022676.nxml.gz_12	2160	2272	arithmetic	JJ	2256	2266
388	PMC2022676.nxml.gz	PMC2022676.nxml.gz_12	2160	2272	task	NN	2267	2271
389	PMC2022676.nxml.gz	PMC2022676.nxml.gz_12	2160	2272	.	.	2271	2272
390	PMC2022676.nxml.gz	PMC2022676.nxml.gz_13	2273	2340	Salivary	JJ	2273	2281
391	PMC2022676.nxml.gz	PMC2022676.nxml.gz_13	2273	2340	cortisol	NN	2282	2290
392	PMC2022676.nxml.gz	PMC2022676.nxml.gz_13	2273	2340	was	VBD	2291	2294
393	PMC2022676.nxml.gz	PMC2022676.nxml.gz_13	2273	2340	measured	VBN	2295	2303
394	PMC2022676.nxml.gz	PMC2022676.nxml.gz_13	2273	2340	before	RB	2304	2310
395	PMC2022676.nxml.gz	PMC2022676.nxml.gz_13	2273	2340	,	,	2310	2311
396	PMC2022676.nxml.gz	PMC2022676.nxml.gz_13	2273	2340	during	IN	2312	2318
397	PMC2022676.nxml.gz	PMC2022676.nxml.gz_13	2273	2340	,	,	2318	2319
398	PMC2022676.nxml.gz	PMC2022676.nxml.gz_13	2273	2340	and	CC	2320	2323
399	PMC2022676.nxml.gz	PMC2022676.nxml.gz_13	2273	2340	after	IN	2324	2329
400	PMC2022676.nxml.gz	PMC2022676.nxml.gz_13	2273	2340	the	DT	2330	2333
401	PMC2022676.nxml.gz	PMC2022676.nxml.gz_13	2273	2340	tasks	NNS	2334	2339
402	PMC2022676.nxml.gz	PMC2022676.nxml.gz_13	2273	2340	.	.	2339	2340
403	PMC2022676.nxml.gz	PMC2022676.nxml.gz_14	2341	2486	Cortisol	NN	2341	2349
404	PMC2022676.nxml.gz	PMC2022676.nxml.gz_14	2341	2486	levels	NNS	2350	2356
405	PMC2022676.nxml.gz	PMC2022676.nxml.gz_14	2341	2486	were	VBD	2357	2361
406	PMC2022676.nxml.gz	PMC2022676.nxml.gz_14	2341	2486	found	VBN	2362	2367
407	PMC2022676.nxml.gz	PMC2022676.nxml.gz_14	2341	2486	to	TO	2368	2370
408	PMC2022676.nxml.gz	PMC2022676.nxml.gz_14	2341	2486	increase	VB	2371	2379
409	PMC2022676.nxml.gz	PMC2022676.nxml.gz_14	2341	2486	in	IN	2380	2382
410	PMC2022676.nxml.gz	PMC2022676.nxml.gz_14	2341	2486	tandem	NN	2383	2389
411	PMC2022676.nxml.gz	PMC2022676.nxml.gz_14	2341	2486	with	IN	2390	2394
412	PMC2022676.nxml.gz	PMC2022676.nxml.gz_14	2341	2486	the	DT	2395	2398
413	PMC2022676.nxml.gz	PMC2022676.nxml.gz_14	2341	2486	amount	NN	2399	2405
414	PMC2022676.nxml.gz	PMC2022676.nxml.gz_14	2341	2486	of	IN	2406	2408
415	PMC2022676.nxml.gz	PMC2022676.nxml.gz_14	2341	2486	meat	NN	2409	2413
416	PMC2022676.nxml.gz	PMC2022676.nxml.gz_14	2341	2486	and	CC	2414	2417
417	PMC2022676.nxml.gz	PMC2022676.nxml.gz_14	2341	2486	fish	VB	2418	2422
418	PMC2022676.nxml.gz	PMC2022676.nxml.gz_14	2341	2486	the	DT	2423	2426
419	PMC2022676.nxml.gz	PMC2022676.nxml.gz_14	2341	2486	study	NN	2427	2432
420	PMC2022676.nxml.gz	PMC2022676.nxml.gz_14	2341	2486	participants	NNS	2433	2445
421	PMC2022676.nxml.gz	PMC2022676.nxml.gz_14	2341	2486	’	JJ	2445	2446
422	PMC2022676.nxml.gz	PMC2022676.nxml.gz_14	2341	2486	mothers	NNS	2447	2454
423	PMC2022676.nxml.gz	PMC2022676.nxml.gz_14	2341	2486	had	VBD	2455	2458
424	PMC2022676.nxml.gz	PMC2022676.nxml.gz_14	2341	2486	consumed	VBN	2459	2467
425	PMC2022676.nxml.gz	PMC2022676.nxml.gz_14	2341	2486	in	IN	2468	2470
426	PMC2022676.nxml.gz	PMC2022676.nxml.gz_14	2341	2486	late	JJ	2471	2475
427	PMC2022676.nxml.gz	PMC2022676.nxml.gz_14	2341	2486	pregnancy	NN	2476	2485
428	PMC2022676.nxml.gz	PMC2022676.nxml.gz_14	2341	2486	.	.	2485	2486
429	PMC2022676.nxml.gz	PMC2022676.nxml.gz_15	2487	2656	“	NNS	2487	2488
430	PMC2022676.nxml.gz	PMC2022676.nxml.gz_15	2487	2656	Compared	VBN	2488	2496
431	PMC2022676.nxml.gz	PMC2022676.nxml.gz_15	2487	2656	with	IN	2497	2501
432	PMC2022676.nxml.gz	PMC2022676.nxml.gz_15	2487	2656	offspring	NN	2502	2511
433	PMC2022676.nxml.gz	PMC2022676.nxml.gz_15	2487	2656	of	IN	2512	2514
434	PMC2022676.nxml.gz	PMC2022676.nxml.gz_15	2487	2656	mothers	NNS	2515	2522
435	PMC2022676.nxml.gz	PMC2022676.nxml.gz_15	2487	2656	who	WP	2523	2526
436	PMC2022676.nxml.gz	PMC2022676.nxml.gz_15	2487	2656	had	VBD	2527	2530
437	PMC2022676.nxml.gz	PMC2022676.nxml.gz_15	2487	2656	reported	VBN	2531	2539
438	PMC2022676.nxml.gz	PMC2022676.nxml.gz_15	2487	2656	eating	VBG	2540	2546
439	PMC2022676.nxml.gz	PMC2022676.nxml.gz_15	2487	2656	no	DT	2547	2549
440	PMC2022676.nxml.gz	PMC2022676.nxml.gz_15	2487	2656	more	JJR	2550	2554
441	PMC2022676.nxml.gz	PMC2022676.nxml.gz_15	2487	2656	than	IN	2555	2559
442	PMC2022676.nxml.gz	PMC2022676.nxml.gz_15	2487	2656	13	CD	2560	2562
443	PMC2022676.nxml.gz	PMC2022676.nxml.gz_15	2487	2656	meat	NN	2563	2567
444	PMC2022676.nxml.gz	PMC2022676.nxml.gz_15	2487	2656	/	JJ	2567	2568
445	PMC2022676.nxml.gz	PMC2022676.nxml.gz_15	2487	2656	fish	JJ	2568	2572
446	PMC2022676.nxml.gz	PMC2022676.nxml.gz_15	2487	2656	portions	NNS	2573	2581
447	PMC2022676.nxml.gz	PMC2022676.nxml.gz_15	2487	2656	per	IN	2582	2585
448	PMC2022676.nxml.gz	PMC2022676.nxml.gz_15	2487	2656	week	NN	2586	2590
449	PMC2022676.nxml.gz	PMC2022676.nxml.gz_15	2487	2656	,	,	2590	2591
450	PMC2022676.nxml.gz	PMC2022676.nxml.gz_15	2487	2656	the	DT	2592	2595
451	PMC2022676.nxml.gz	PMC2022676.nxml.gz_15	2487	2656	average	JJ	2596	2603
452	PMC2022676.nxml.gz	PMC2022676.nxml.gz_15	2487	2656	cortisol	JJ	2604	2612
453	PMC2022676.nxml.gz	PMC2022676.nxml.gz_15	2487	2656	concentrations	NNS	2613	2627
454	PMC2022676.nxml.gz	PMC2022676.nxml.gz_15	2487	2656	were	VBD	2628	2632
455	PMC2022676.nxml.gz	PMC2022676.nxml.gz_15	2487	2656	raised	VBN	2633	2639
456	PMC2022676.nxml.gz	PMC2022676.nxml.gz_15	2487	2656	by	IN	2640	2642
457	PMC2022676.nxml.gz	PMC2022676.nxml.gz_15	2487	2656	22	CD	2643	2645
458	PMC2022676.nxml.gz	PMC2022676.nxml.gz_15	2487	2656	%	NN	2645	2646
459	PMC2022676.nxml.gz	PMC2022676.nxml.gz_15	2487	2656	and	CC	2647	2650
460	PMC2022676.nxml.gz	PMC2022676.nxml.gz_15	2487	2656	46	CD	2651	2653
461	PMC2022676.nxml.gz	PMC2022676.nxml.gz_15	2487	2656	%	NN	2653	2654
462	PMC2022676.nxml.gz	PMC2022676.nxml.gz_15	2487	2656	.	.	2655	2656
463	PMC2022676.nxml.gz	PMC2022676.nxml.gz_16	2657	2658	.	.	2657	2658
464	PMC2022676.nxml.gz	PMC2022676.nxml.gz_17	2659	2660	.	.	2659	2660
465	PMC2022676.nxml.gz	PMC2022676.nxml.gz_18	2661	2770	in	IN	2661	2663
466	PMC2022676.nxml.gz	PMC2022676.nxml.gz_18	2661	2770	offspring	NN	2664	2673
467	PMC2022676.nxml.gz	PMC2022676.nxml.gz_18	2661	2770	of	IN	2674	2676
468	PMC2022676.nxml.gz	PMC2022676.nxml.gz_18	2661	2770	those	DT	2677	2682
469	PMC2022676.nxml.gz	PMC2022676.nxml.gz_18	2661	2770	reporting	VBG	2683	2692
470	PMC2022676.nxml.gz	PMC2022676.nxml.gz_18	2661	2770	14	CD	2693	2695
471	PMC2022676.nxml.gz	PMC2022676.nxml.gz_18	2661	2770	–	JJ	2695	2696
472	PMC2022676.nxml.gz	PMC2022676.nxml.gz_18	2661	2770	16	CD	2696	2698
473	PMC2022676.nxml.gz	PMC2022676.nxml.gz_18	2661	2770	and	CC	2699	2702
474	PMC2022676.nxml.gz	PMC2022676.nxml.gz_18	2661	2770	at	IN	2703	2705
475	PMC2022676.nxml.gz	PMC2022676.nxml.gz_18	2661	2770	least	JJS	2706	2711
476	PMC2022676.nxml.gz	PMC2022676.nxml.gz_18	2661	2770	17	CD	2712	2714
477	PMC2022676.nxml.gz	PMC2022676.nxml.gz_18	2661	2770	portions	NNS	2715	2723
478	PMC2022676.nxml.gz	PMC2022676.nxml.gz_18	2661	2770	per	IN	2724	2727
479	PMC2022676.nxml.gz	PMC2022676.nxml.gz_18	2661	2770	week	NN	2728	2732
480	PMC2022676.nxml.gz	PMC2022676.nxml.gz_18	2661	2770	respectively	RB	2733	2745
481	PMC2022676.nxml.gz	PMC2022676.nxml.gz_18	2661	2770	,”	VBD	2745	2747
482	PMC2022676.nxml.gz	PMC2022676.nxml.gz_18	2661	2770	the	DT	2748	2751
483	PMC2022676.nxml.gz	PMC2022676.nxml.gz_18	2661	2770	researchers	NNS	2752	2763
484	PMC2022676.nxml.gz	PMC2022676.nxml.gz_18	2661	2770	wrote	VBD	2764	2769
485	PMC2022676.nxml.gz	PMC2022676.nxml.gz_18	2661	2770	.	.	2769	2770
486	PMC2022676.nxml.gz	PMC2022676.nxml.gz_19	2771	2824	The	DT	2771	2774
487	PMC2022676.nxml.gz	PMC2022676.nxml.gz_19	2771	2824	effect	NN	2775	2781
488	PMC2022676.nxml.gz	PMC2022676.nxml.gz_19	2771	2824	seemed	VBD	2782	2788
489	PMC2022676.nxml.gz	PMC2022676.nxml.gz_19	2771	2824	slightly	RB	2789	2797
490	PMC2022676.nxml.gz	PMC2022676.nxml.gz_19	2771	2824	greater	JJR	2798	2805
491	PMC2022676.nxml.gz	PMC2022676.nxml.gz_19	2771	2824	in	IN	2806	2808
492	PMC2022676.nxml.gz	PMC2022676.nxml.gz_19	2771	2824	men	NNS	2809	2812
493	PMC2022676.nxml.gz	PMC2022676.nxml.gz_19	2771	2824	than	IN	2813	2817
494	PMC2022676.nxml.gz	PMC2022676.nxml.gz_19	2771	2824	women	NNS	2818	2823
495	PMC2022676.nxml.gz	PMC2022676.nxml.gz_19	2771	2824	.	.	2823	2824
496	PMC2022676.nxml.gz	PMC2022676.nxml.gz_20	2825	3000	In	IN	2825	2827
497	PMC2022676.nxml.gz	PMC2022676.nxml.gz_20	2825	3000	animal	JJ	2828	2834
498	PMC2022676.nxml.gz	PMC2022676.nxml.gz_20	2825	3000	studies	NNS	2835	2842
499	PMC2022676.nxml.gz	PMC2022676.nxml.gz_20	2825	3000	,	,	2842	2843
500	PMC2022676.nxml.gz	PMC2022676.nxml.gz_20	2825	3000	high	JJ	2844	2848
501	PMC2022676.nxml.gz	PMC2022676.nxml.gz_20	2825	3000	-	:	2848	2849
502	PMC2022676.nxml.gz	PMC2022676.nxml.gz_20	2825	3000	protein	NN	2849	2856
503	PMC2022676.nxml.gz	PMC2022676.nxml.gz_20	2825	3000	diets	NNS	2857	2862
504	PMC2022676.nxml.gz	PMC2022676.nxml.gz_20	2825	3000	have	VBP	2863	2867
505	PMC2022676.nxml.gz	PMC2022676.nxml.gz_20	2825	3000	been	VBN	2868	2872
506	PMC2022676.nxml.gz	PMC2022676.nxml.gz_20	2825	3000	shown	VBN	2873	2878
507	PMC2022676.nxml.gz	PMC2022676.nxml.gz_20	2825	3000	to	TO	2879	2881
508	PMC2022676.nxml.gz	PMC2022676.nxml.gz_20	2825	3000	stimulate	VB	2882	2891
509	PMC2022676.nxml.gz	PMC2022676.nxml.gz_20	2825	3000	the	DT	2892	2895
510	PMC2022676.nxml.gz	PMC2022676.nxml.gz_20	2825	3000	HPA	NNP	2896	2899
511	PMC2022676.nxml.gz	PMC2022676.nxml.gz_20	2825	3000	axis	NN	2900	2904
512	PMC2022676.nxml.gz	PMC2022676.nxml.gz_20	2825	3000	,	,	2904	2905
513	PMC2022676.nxml.gz	PMC2022676.nxml.gz_20	2825	3000	a	DT	2906	2907
514	PMC2022676.nxml.gz	PMC2022676.nxml.gz_20	2825	3000	component	NN	2908	2917
515	PMC2022676.nxml.gz	PMC2022676.nxml.gz_20	2825	3000	of	IN	2918	2920
516	PMC2022676.nxml.gz	PMC2022676.nxml.gz_20	2825	3000	the	DT	2921	2924
517	PMC2022676.nxml.gz	PMC2022676.nxml.gz_20	2825	3000	endocrine	NN	2925	2934
518	PMC2022676.nxml.gz	PMC2022676.nxml.gz_20	2825	3000	system	NN	2935	2941
519	PMC2022676.nxml.gz	PMC2022676.nxml.gz_20	2825	3000	that	WDT	2942	2946
520	PMC2022676.nxml.gz	PMC2022676.nxml.gz_20	2825	3000	regulates	VBZ	2947	2956
521	PMC2022676.nxml.gz	PMC2022676.nxml.gz_20	2825	3000	cortisol	NNS	2957	2965
522	PMC2022676.nxml.gz	PMC2022676.nxml.gz_20	2825	3000	and	CC	2966	2969
523	PMC2022676.nxml.gz	PMC2022676.nxml.gz_20	2825	3000	other	JJ	2970	2975
524	PMC2022676.nxml.gz	PMC2022676.nxml.gz_20	2825	3000	stress	NN	2976	2982
525	PMC2022676.nxml.gz	PMC2022676.nxml.gz_20	2825	3000	-	:	2982	2983
526	PMC2022676.nxml.gz	PMC2022676.nxml.gz_20	2825	3000	related	JJ	2983	2990
527	PMC2022676.nxml.gz	PMC2022676.nxml.gz_20	2825	3000	hormones	NNS	2991	2999
528	PMC2022676.nxml.gz	PMC2022676.nxml.gz_20	2825	3000	.	.	2999	3000
529	PMC2022676.nxml.gz	PMC2022676.nxml.gz_21	3001	3337	“	IN	3001	3002
530	PMC2022676.nxml.gz	PMC2022676.nxml.gz_21	3001	3337	We	PRP	3002	3004
531	PMC2022676.nxml.gz	PMC2022676.nxml.gz_21	3001	3337	are	VBP	3005	3008
532	PMC2022676.nxml.gz	PMC2022676.nxml.gz_21	3001	3337	not	RB	3009	3012
533	PMC2022676.nxml.gz	PMC2022676.nxml.gz_21	3001	3337	certain	JJ	3013	3020
534	PMC2022676.nxml.gz	PMC2022676.nxml.gz_21	3001	3337	of	IN	3021	3023
535	PMC2022676.nxml.gz	PMC2022676.nxml.gz_21	3001	3337	the	DT	3024	3027
536	PMC2022676.nxml.gz	PMC2022676.nxml.gz_21	3001	3337	mechanism	NN	3028	3037
537	PMC2022676.nxml.gz	PMC2022676.nxml.gz_21	3001	3337	,	,	3037	3038
538	PMC2022676.nxml.gz	PMC2022676.nxml.gz_21	3001	3337	but	CC	3039	3042
539	PMC2022676.nxml.gz	PMC2022676.nxml.gz_21	3001	3337	postulate	VBP	3043	3052
540	PMC2022676.nxml.gz	PMC2022676.nxml.gz_21	3001	3337	that	IN	3053	3057
541	PMC2022676.nxml.gz	PMC2022676.nxml.gz_21	3001	3337	an	DT	3058	3060
542	PMC2022676.nxml.gz	PMC2022676.nxml.gz_21	3001	3337	unbalanced	JJ	3061	3071
543	PMC2022676.nxml.gz	PMC2022676.nxml.gz_21	3001	3337	diet	NN	3072	3076
544	PMC2022676.nxml.gz	PMC2022676.nxml.gz_21	3001	3337	in	IN	3077	3079
545	PMC2022676.nxml.gz	PMC2022676.nxml.gz_21	3001	3337	pregnancy	NN	3080	3089
546	PMC2022676.nxml.gz	PMC2022676.nxml.gz_21	3001	3337	may	MD	3090	3093
547	PMC2022676.nxml.gz	PMC2022676.nxml.gz_21	3001	3337	act	VB	3094	3097
548	PMC2022676.nxml.gz	PMC2022676.nxml.gz_21	3001	3337	as	IN	3098	3100
549	PMC2022676.nxml.gz	PMC2022676.nxml.gz_21	3001	3337	a	DT	3101	3102
550	PMC2022676.nxml.gz	PMC2022676.nxml.gz_21	3001	3337	stressor	NN	3103	3111
551	PMC2022676.nxml.gz	PMC2022676.nxml.gz_21	3001	3337	to	TO	3112	3114
552	PMC2022676.nxml.gz	PMC2022676.nxml.gz_21	3001	3337	the	DT	3115	3118
553	PMC2022676.nxml.gz	PMC2022676.nxml.gz_21	3001	3337	mother	NN	3119	3125
554	PMC2022676.nxml.gz	PMC2022676.nxml.gz_21	3001	3337	,	,	3125	3126
555	PMC2022676.nxml.gz	PMC2022676.nxml.gz_21	3001	3337	increasing	VBG	3127	3137
556	PMC2022676.nxml.gz	PMC2022676.nxml.gz_21	3001	3337	her	PRP$	3138	3141
557	PMC2022676.nxml.gz	PMC2022676.nxml.gz_21	3001	3337	production	NN	3142	3152
558	PMC2022676.nxml.gz	PMC2022676.nxml.gz_21	3001	3337	of	IN	3153	3155
559	PMC2022676.nxml.gz	PMC2022676.nxml.gz_21	3001	3337	cortisol	NN	3156	3164
560	PMC2022676.nxml.gz	PMC2022676.nxml.gz_21	3001	3337	and	CC	3165	3168
561	PMC2022676.nxml.gz	PMC2022676.nxml.gz_21	3001	3337	subsequently	RB	3169	3181
562	PMC2022676.nxml.gz	PMC2022676.nxml.gz_21	3001	3337	increasing	VBG	3182	3192
563	PMC2022676.nxml.gz	PMC2022676.nxml.gz_21	3001	3337	cortisol	NN	3193	3201
564	PMC2022676.nxml.gz	PMC2022676.nxml.gz_21	3001	3337	production	NN	3202	3212
565	PMC2022676.nxml.gz	PMC2022676.nxml.gz_21	3001	3337	in	IN	3213	3215
566	PMC2022676.nxml.gz	PMC2022676.nxml.gz_21	3001	3337	the	DT	3216	3219
567	PMC2022676.nxml.gz	PMC2022676.nxml.gz_21	3001	3337	offspring	VBG	3220	3229
568	PMC2022676.nxml.gz	PMC2022676.nxml.gz_21	3001	3337	,”	NNP	3229	3231
569	PMC2022676.nxml.gz	PMC2022676.nxml.gz_21	3001	3337	says	VBZ	3232	3236
570	PMC2022676.nxml.gz	PMC2022676.nxml.gz_21	3001	3337	lead	JJ	3237	3241
571	PMC2022676.nxml.gz	PMC2022676.nxml.gz_21	3001	3337	author	NN	3242	3248
572	PMC2022676.nxml.gz	PMC2022676.nxml.gz_21	3001	3337	Rebecca	NNP	3249	3256
573	PMC2022676.nxml.gz	PMC2022676.nxml.gz_21	3001	3337	Reynolds	NNP	3257	3265
574	PMC2022676.nxml.gz	PMC2022676.nxml.gz_21	3001	3337	,	,	3265	3266
575	PMC2022676.nxml.gz	PMC2022676.nxml.gz_21	3001	3337	an	DT	3267	3269
576	PMC2022676.nxml.gz	PMC2022676.nxml.gz_21	3001	3337	endocrinologist	NN	3270	3285
577	PMC2022676.nxml.gz	PMC2022676.nxml.gz_21	3001	3337	at	IN	3286	3288
578	PMC2022676.nxml.gz	PMC2022676.nxml.gz_21	3001	3337	Queen	NNP	3289	3294
579	PMC2022676.nxml.gz	PMC2022676.nxml.gz_21	3001	3337	’	NNP	3294	3295
580	PMC2022676.nxml.gz	PMC2022676.nxml.gz_21	3001	3337	s	NNP	3295	3296
581	PMC2022676.nxml.gz	PMC2022676.nxml.gz_21	3001	3337	Medical	NNP	3297	3304
582	PMC2022676.nxml.gz	PMC2022676.nxml.gz_21	3001	3337	Research	NNP	3305	3313
583	PMC2022676.nxml.gz	PMC2022676.nxml.gz_21	3001	3337	Institute	NNP	3314	3323
584	PMC2022676.nxml.gz	PMC2022676.nxml.gz_21	3001	3337	in	IN	3324	3326
585	PMC2022676.nxml.gz	PMC2022676.nxml.gz_21	3001	3337	Edinburgh	NNP	3327	3336
586	PMC2022676.nxml.gz	PMC2022676.nxml.gz_21	3001	3337	.	.	3336	3337
587	PMC2022676.nxml.gz	PMC2022676.nxml.gz_22	3338	3522	In	IN	3338	3340
588	PMC2022676.nxml.gz	PMC2022676.nxml.gz_22	3338	3522	essence	NN	3341	3348
589	PMC2022676.nxml.gz	PMC2022676.nxml.gz_22	3338	3522	,	,	3348	3349
590	PMC2022676.nxml.gz	PMC2022676.nxml.gz_22	3338	3522	by	IN	3350	3352
591	PMC2022676.nxml.gz	PMC2022676.nxml.gz_22	3338	3522	altering	VBG	3353	3361
592	PMC2022676.nxml.gz	PMC2022676.nxml.gz_22	3338	3522	HPA	NNP	3362	3365
593	PMC2022676.nxml.gz	PMC2022676.nxml.gz_22	3338	3522	axis	NN	3366	3370
594	PMC2022676.nxml.gz	PMC2022676.nxml.gz_22	3338	3522	activity	NN	3371	3379
595	PMC2022676.nxml.gz	PMC2022676.nxml.gz_22	3338	3522	and	CC	3380	3383
596	PMC2022676.nxml.gz	PMC2022676.nxml.gz_22	3338	3522	promoting	VBG	3384	3393
597	PMC2022676.nxml.gz	PMC2022676.nxml.gz_22	3338	3522	high	JJ	3394	3398
598	PMC2022676.nxml.gz	PMC2022676.nxml.gz_22	3338	3522	cortisol	NN	3399	3407
599	PMC2022676.nxml.gz	PMC2022676.nxml.gz_22	3338	3522	levels	NNS	3408	3414
600	PMC2022676.nxml.gz	PMC2022676.nxml.gz_22	3338	3522	in	IN	3415	3417
601	PMC2022676.nxml.gz	PMC2022676.nxml.gz_22	3338	3522	the	DT	3418	3421
602	PMC2022676.nxml.gz	PMC2022676.nxml.gz_22	3338	3522	gestational	JJ	3422	3433
603	PMC2022676.nxml.gz	PMC2022676.nxml.gz_22	3338	3522	environment	NN	3434	3445
604	PMC2022676.nxml.gz	PMC2022676.nxml.gz_22	3338	3522	,	,	3445	3446
605	PMC2022676.nxml.gz	PMC2022676.nxml.gz_22	3338	3522	the	DT	3447	3450
606	PMC2022676.nxml.gz	PMC2022676.nxml.gz_22	3338	3522	high	JJ	3451	3455
607	PMC2022676.nxml.gz	PMC2022676.nxml.gz_22	3338	3522	-	:	3455	3456
608	PMC2022676.nxml.gz	PMC2022676.nxml.gz_22	3338	3522	protein	NN	3456	3463
609	PMC2022676.nxml.gz	PMC2022676.nxml.gz_22	3338	3522	diets	NNS	3464	3469
610	PMC2022676.nxml.gz	PMC2022676.nxml.gz_22	3338	3522	appear	VBP	3470	3476
611	PMC2022676.nxml.gz	PMC2022676.nxml.gz_22	3338	3522	to	TO	3477	3479
612	PMC2022676.nxml.gz	PMC2022676.nxml.gz_22	3338	3522	“	VB	3480	3481
613	PMC2022676.nxml.gz	PMC2022676.nxml.gz_22	3338	3522	reprogram	NN	3481	3490
614	PMC2022676.nxml.gz	PMC2022676.nxml.gz_22	3338	3522	”	IN	3490	3491
615	PMC2022676.nxml.gz	PMC2022676.nxml.gz_22	3338	3522	the	DT	3492	3495
616	PMC2022676.nxml.gz	PMC2022676.nxml.gz_22	3338	3522	developing	VBG	3496	3506
617	PMC2022676.nxml.gz	PMC2022676.nxml.gz_22	3338	3522	fetal	JJ	3507	3512
618	PMC2022676.nxml.gz	PMC2022676.nxml.gz_22	3338	3522	HPA	NNP	3513	3516
619	PMC2022676.nxml.gz	PMC2022676.nxml.gz_22	3338	3522	axis	NN	3517	3521
620	PMC2022676.nxml.gz	PMC2022676.nxml.gz_22	3338	3522	.	.	3521	3522
621	PMC2022676.nxml.gz	PMC2022676.nxml.gz_23	3523	3715	Previous	JJ	3523	3531
622	PMC2022676.nxml.gz	PMC2022676.nxml.gz_23	3523	3715	human	JJ	3532	3537
623	PMC2022676.nxml.gz	PMC2022676.nxml.gz_23	3523	3715	studies	NNS	3538	3545
624	PMC2022676.nxml.gz	PMC2022676.nxml.gz_23	3523	3715	related	VBN	3546	3553
625	PMC2022676.nxml.gz	PMC2022676.nxml.gz_23	3523	3715	size	NN	3554	3558
626	PMC2022676.nxml.gz	PMC2022676.nxml.gz_23	3523	3715	at	IN	3559	3561
627	PMC2022676.nxml.gz	PMC2022676.nxml.gz_23	3523	3715	birth	NN	3562	3567
628	PMC2022676.nxml.gz	PMC2022676.nxml.gz_23	3523	3715	to	TO	3568	3570
629	PMC2022676.nxml.gz	PMC2022676.nxml.gz_23	3523	3715	adult	VB	3571	3576
630	PMC2022676.nxml.gz	PMC2022676.nxml.gz_23	3523	3715	plasma	JJ	3577	3583
631	PMC2022676.nxml.gz	PMC2022676.nxml.gz_23	3523	3715	cortisol	NN	3584	3592
632	PMC2022676.nxml.gz	PMC2022676.nxml.gz_23	3523	3715	levels	NNS	3593	3599
633	PMC2022676.nxml.gz	PMC2022676.nxml.gz_23	3523	3715	,	,	3599	3600
634	PMC2022676.nxml.gz	PMC2022676.nxml.gz_23	3523	3715	but	CC	3601	3604
635	PMC2022676.nxml.gz	PMC2022676.nxml.gz_23	3523	3715	this	DT	3605	3609
636	PMC2022676.nxml.gz	PMC2022676.nxml.gz_23	3523	3715	is	VBZ	3610	3612
637	PMC2022676.nxml.gz	PMC2022676.nxml.gz_23	3523	3715	the	DT	3613	3616
638	PMC2022676.nxml.gz	PMC2022676.nxml.gz_23	3523	3715	first	JJ	3617	3622
639	PMC2022676.nxml.gz	PMC2022676.nxml.gz_23	3523	3715	to	TO	3623	3625
640	PMC2022676.nxml.gz	PMC2022676.nxml.gz_23	3523	3715	examine	VB	3626	3633
641	PMC2022676.nxml.gz	PMC2022676.nxml.gz_23	3523	3715	the	DT	3634	3637
642	PMC2022676.nxml.gz	PMC2022676.nxml.gz_23	3523	3715	connection	NN	3638	3648
643	PMC2022676.nxml.gz	PMC2022676.nxml.gz_23	3523	3715	between	IN	3649	3656
644	PMC2022676.nxml.gz	PMC2022676.nxml.gz_23	3523	3715	gestational	JJ	3657	3668
645	PMC2022676.nxml.gz	PMC2022676.nxml.gz_23	3523	3715	diet	NN	3669	3673
646	PMC2022676.nxml.gz	PMC2022676.nxml.gz_23	3523	3715	and	CC	3674	3677
647	PMC2022676.nxml.gz	PMC2022676.nxml.gz_23	3523	3715	stress	NN	3678	3684
648	PMC2022676.nxml.gz	PMC2022676.nxml.gz_23	3523	3715	adaptation	NN	3685	3695
649	PMC2022676.nxml.gz	PMC2022676.nxml.gz_23	3523	3715	in	IN	3696	3698
650	PMC2022676.nxml.gz	PMC2022676.nxml.gz_23	3523	3715	adult	NN	3699	3704
651	PMC2022676.nxml.gz	PMC2022676.nxml.gz_23	3523	3715	offspring	NN	3705	3714
652	PMC2022676.nxml.gz	PMC2022676.nxml.gz_23	3523	3715	.	.	3714	3715
653	PMC2022676.nxml.gz	PMC2022676.nxml.gz_24	3716	3878	“	NN	3716	3717
654	PMC2022676.nxml.gz	PMC2022676.nxml.gz_24	3716	3878	This	DT	3717	3721
655	PMC2022676.nxml.gz	PMC2022676.nxml.gz_24	3716	3878	study	NN	3722	3727
656	PMC2022676.nxml.gz	PMC2022676.nxml.gz_24	3716	3878	adds	VBZ	3728	3732
657	PMC2022676.nxml.gz	PMC2022676.nxml.gz_24	3716	3878	to	TO	3733	3735
658	PMC2022676.nxml.gz	PMC2022676.nxml.gz_24	3716	3878	increasing	VBG	3736	3746
659	PMC2022676.nxml.gz	PMC2022676.nxml.gz_24	3716	3878	evidence	NN	3747	3755
660	PMC2022676.nxml.gz	PMC2022676.nxml.gz_24	3716	3878	for	IN	3756	3759
661	PMC2022676.nxml.gz	PMC2022676.nxml.gz_24	3716	3878	the	DT	3760	3763
662	PMC2022676.nxml.gz	PMC2022676.nxml.gz_24	3716	3878	importance	NN	3764	3774
663	PMC2022676.nxml.gz	PMC2022676.nxml.gz_24	3716	3878	of	IN	3775	3777
664	PMC2022676.nxml.gz	PMC2022676.nxml.gz_24	3716	3878	the	DT	3778	3781
665	PMC2022676.nxml.gz	PMC2022676.nxml.gz_24	3716	3878	maternal	JJ	3782	3790
666	PMC2022676.nxml.gz	PMC2022676.nxml.gz_24	3716	3878	diet	NN	3791	3795
667	PMC2022676.nxml.gz	PMC2022676.nxml.gz_24	3716	3878	,”	NNP	3795	3797
668	PMC2022676.nxml.gz	PMC2022676.nxml.gz_24	3716	3878	says	VBZ	3798	3802
669	PMC2022676.nxml.gz	PMC2022676.nxml.gz_24	3716	3878	coauthor	NN	3803	3811
670	PMC2022676.nxml.gz	PMC2022676.nxml.gz_24	3716	3878	Keith	NNP	3812	3817
671	PMC2022676.nxml.gz	PMC2022676.nxml.gz_24	3716	3878	Godfrey	NNP	3818	3825
672	PMC2022676.nxml.gz	PMC2022676.nxml.gz_24	3716	3878	,	,	3825	3826
673	PMC2022676.nxml.gz	PMC2022676.nxml.gz_24	3716	3878	an	DT	3827	3829
674	PMC2022676.nxml.gz	PMC2022676.nxml.gz_24	3716	3878	epidemiologist	NN	3830	3844
675	PMC2022676.nxml.gz	PMC2022676.nxml.gz_24	3716	3878	at	IN	3845	3847
676	PMC2022676.nxml.gz	PMC2022676.nxml.gz_24	3716	3878	the	DT	3848	3851
677	PMC2022676.nxml.gz	PMC2022676.nxml.gz_24	3716	3878	University	NNP	3852	3862
678	PMC2022676.nxml.gz	PMC2022676.nxml.gz_24	3716	3878	of	IN	3863	3865
679	PMC2022676.nxml.gz	PMC2022676.nxml.gz_24	3716	3878	Southampton	NNP	3866	3877
680	PMC2022676.nxml.gz	PMC2022676.nxml.gz_24	3716	3878	.	.	3877	3878
681	PMC2022676.nxml.gz	PMC2022676.nxml.gz_25	3879	4013	Reynolds	NNS	3879	3887
682	PMC2022676.nxml.gz	PMC2022676.nxml.gz_25	3879	4013	and	CC	3888	3891
683	PMC2022676.nxml.gz	PMC2022676.nxml.gz_25	3879	4013	her	PRP$	3892	3895
684	PMC2022676.nxml.gz	PMC2022676.nxml.gz_25	3879	4013	team	NN	3896	3900
685	PMC2022676.nxml.gz	PMC2022676.nxml.gz_25	3879	4013	now	RB	3901	3904
686	PMC2022676.nxml.gz	PMC2022676.nxml.gz_25	3879	4013	plan	VBP	3905	3909
687	PMC2022676.nxml.gz	PMC2022676.nxml.gz_25	3879	4013	to	TO	3910	3912
688	PMC2022676.nxml.gz	PMC2022676.nxml.gz_25	3879	4013	examine	VB	3913	3920
689	PMC2022676.nxml.gz	PMC2022676.nxml.gz_25	3879	4013	how	WRB	3921	3924
690	PMC2022676.nxml.gz	PMC2022676.nxml.gz_25	3879	4013	the	DT	3925	3928
691	PMC2022676.nxml.gz	PMC2022676.nxml.gz_25	3879	4013	increased	JJ	3929	3938
692	PMC2022676.nxml.gz	PMC2022676.nxml.gz_25	3879	4013	stress	NN	3939	3945
693	PMC2022676.nxml.gz	PMC2022676.nxml.gz_25	3879	4013	responses	NNS	3946	3955
694	PMC2022676.nxml.gz	PMC2022676.nxml.gz_25	3879	4013	in	IN	3956	3958
695	PMC2022676.nxml.gz	PMC2022676.nxml.gz_25	3879	4013	the	DT	3959	3962
696	PMC2022676.nxml.gz	PMC2022676.nxml.gz_25	3879	4013	Motherwell	NNP	3963	3973
697	PMC2022676.nxml.gz	PMC2022676.nxml.gz_25	3879	4013	offspring	VBG	3974	3983
698	PMC2022676.nxml.gz	PMC2022676.nxml.gz_25	3879	4013	relate	NN	3984	3990
699	PMC2022676.nxml.gz	PMC2022676.nxml.gz_25	3879	4013	to	TO	3991	3993
700	PMC2022676.nxml.gz	PMC2022676.nxml.gz_25	3879	4013	subsequent	JJ	3994	4004
701	PMC2022676.nxml.gz	PMC2022676.nxml.gz_25	3879	4013	disease	NN	4005	4012
702	PMC2022676.nxml.gz	PMC2022676.nxml.gz_25	3879	4013	.	.	4012	4013
703	PMC2022676.nxml.gz	PMC2022676.nxml.gz_26	4014	4155	The	DT	4014	4017
704	PMC2022676.nxml.gz	PMC2022676.nxml.gz_26	4014	4155	Motherwell	NNP	4018	4028
705	PMC2022676.nxml.gz	PMC2022676.nxml.gz_26	4014	4155	mothers	NNS	4029	4036
706	PMC2022676.nxml.gz	PMC2022676.nxml.gz_26	4014	4155	adhered	VBD	4037	4044
707	PMC2022676.nxml.gz	PMC2022676.nxml.gz_26	4014	4155	to	TO	4045	4047
708	PMC2022676.nxml.gz	PMC2022676.nxml.gz_26	4014	4155	a	DT	4048	4049
709	PMC2022676.nxml.gz	PMC2022676.nxml.gz_26	4014	4155	diet	JJ	4050	4054
710	PMC2022676.nxml.gz	PMC2022676.nxml.gz_26	4014	4155	pattern	NN	4055	4062
711	PMC2022676.nxml.gz	PMC2022676.nxml.gz_26	4014	4155	similar	JJ	4063	4070
712	PMC2022676.nxml.gz	PMC2022676.nxml.gz_26	4014	4155	to	TO	4071	4073
713	PMC2022676.nxml.gz	PMC2022676.nxml.gz_26	4014	4155	low	JJ	4074	4077
714	PMC2022676.nxml.gz	PMC2022676.nxml.gz_26	4014	4155	-	:	4077	4078
715	PMC2022676.nxml.gz	PMC2022676.nxml.gz_26	4014	4155	carb	NN	4078	4082
716	PMC2022676.nxml.gz	PMC2022676.nxml.gz_26	4014	4155	/	RB	4082	4083
717	PMC2022676.nxml.gz	PMC2022676.nxml.gz_26	4014	4155	high	JJ	4083	4087
718	PMC2022676.nxml.gz	PMC2022676.nxml.gz_26	4014	4155	-	:	4087	4088
719	PMC2022676.nxml.gz	PMC2022676.nxml.gz_26	4014	4155	protein	NN	4088	4095
720	PMC2022676.nxml.gz	PMC2022676.nxml.gz_26	4014	4155	diets	NNS	4096	4101
721	PMC2022676.nxml.gz	PMC2022676.nxml.gz_26	4014	4155	that	WDT	4102	4106
722	PMC2022676.nxml.gz	PMC2022676.nxml.gz_26	4014	4155	have	VBP	4107	4111
723	PMC2022676.nxml.gz	PMC2022676.nxml.gz_26	4014	4155	recently	RB	4112	4120
724	PMC2022676.nxml.gz	PMC2022676.nxml.gz_26	4014	4155	become	VBN	4121	4127
725	PMC2022676.nxml.gz	PMC2022676.nxml.gz_26	4014	4155	popular	JJ	4128	4135
726	PMC2022676.nxml.gz	PMC2022676.nxml.gz_26	4014	4155	for	IN	4136	4139
727	PMC2022676.nxml.gz	PMC2022676.nxml.gz_26	4014	4155	weight	NN	4140	4146
728	PMC2022676.nxml.gz	PMC2022676.nxml.gz_26	4014	4155	control	NN	4147	4154
729	PMC2022676.nxml.gz	PMC2022676.nxml.gz_26	4014	4155	.	.	4154	4155
730	PMC2022676.nxml.gz	PMC2022676.nxml.gz_27	4156	4294	Such	JJ	4156	4160
731	PMC2022676.nxml.gz	PMC2022676.nxml.gz_27	4156	4294	diets	NNS	4161	4166
732	PMC2022676.nxml.gz	PMC2022676.nxml.gz_27	4156	4294	have	VBP	4167	4171
733	PMC2022676.nxml.gz	PMC2022676.nxml.gz_27	4156	4294	been	VBN	4172	4176
734	PMC2022676.nxml.gz	PMC2022676.nxml.gz_27	4156	4294	associated	VBN	4177	4187
735	PMC2022676.nxml.gz	PMC2022676.nxml.gz_27	4156	4294	with	IN	4188	4192
736	PMC2022676.nxml.gz	PMC2022676.nxml.gz_27	4156	4294	an	DT	4193	4195
737	PMC2022676.nxml.gz	PMC2022676.nxml.gz_27	4156	4294	increased	VBN	4196	4205
738	PMC2022676.nxml.gz	PMC2022676.nxml.gz_27	4156	4294	risk	NN	4206	4210
739	PMC2022676.nxml.gz	PMC2022676.nxml.gz_27	4156	4294	of	IN	4211	4213
740	PMC2022676.nxml.gz	PMC2022676.nxml.gz_27	4156	4294	kidney	NN	4214	4220
741	PMC2022676.nxml.gz	PMC2022676.nxml.gz_27	4156	4294	problems	NNS	4221	4229
742	PMC2022676.nxml.gz	PMC2022676.nxml.gz_27	4156	4294	and	CC	4230	4233
743	PMC2022676.nxml.gz	PMC2022676.nxml.gz_27	4156	4294	metabolic	JJ	4234	4243
744	PMC2022676.nxml.gz	PMC2022676.nxml.gz_27	4156	4294	ketoacidosis	NN	4244	4256
745	PMC2022676.nxml.gz	PMC2022676.nxml.gz_27	4156	4294	,	,	4256	4257
746	PMC2022676.nxml.gz	PMC2022676.nxml.gz_27	4156	4294	another	DT	4258	4265
747	PMC2022676.nxml.gz	PMC2022676.nxml.gz_27	4156	4294	potential	JJ	4266	4275
748	PMC2022676.nxml.gz	PMC2022676.nxml.gz_27	4156	4294	prenatal	NN	4276	4284
749	PMC2022676.nxml.gz	PMC2022676.nxml.gz_27	4156	4294	stressor	NN	4285	4293
750	PMC2022676.nxml.gz	PMC2022676.nxml.gz_27	4156	4294	.	.	4293	4294
751	PMC2022676.nxml.gz	PMC2022676.nxml.gz_28	4295	4457	Ketoacidosis	NNP	4295	4307
752	PMC2022676.nxml.gz	PMC2022676.nxml.gz_28	4295	4457	results	NNS	4308	4315
753	PMC2022676.nxml.gz	PMC2022676.nxml.gz_28	4295	4457	when	WRB	4316	4320
754	PMC2022676.nxml.gz	PMC2022676.nxml.gz_28	4295	4457	carbohydrate	JJ	4321	4333
755	PMC2022676.nxml.gz	PMC2022676.nxml.gz_28	4295	4457	intake	NN	4334	4340
756	PMC2022676.nxml.gz	PMC2022676.nxml.gz_28	4295	4457	is	VBZ	4341	4343
757	PMC2022676.nxml.gz	PMC2022676.nxml.gz_28	4295	4457	restricted	VBN	4344	4354
758	PMC2022676.nxml.gz	PMC2022676.nxml.gz_28	4295	4457	and	CC	4355	4358
759	PMC2022676.nxml.gz	PMC2022676.nxml.gz_28	4295	4457	the	DT	4359	4362
760	PMC2022676.nxml.gz	PMC2022676.nxml.gz_28	4295	4457	body	NN	4363	4367
761	PMC2022676.nxml.gz	PMC2022676.nxml.gz_28	4295	4457	turns	VBZ	4368	4373
762	PMC2022676.nxml.gz	PMC2022676.nxml.gz_28	4295	4457	to	TO	4374	4376
763	PMC2022676.nxml.gz	PMC2022676.nxml.gz_28	4295	4457	other	JJ	4377	4382
764	PMC2022676.nxml.gz	PMC2022676.nxml.gz_28	4295	4457	energy	NN	4383	4389
765	PMC2022676.nxml.gz	PMC2022676.nxml.gz_28	4295	4457	sources	NNS	4390	4397
766	PMC2022676.nxml.gz	PMC2022676.nxml.gz_28	4295	4457	,	,	4397	4398
767	PMC2022676.nxml.gz	PMC2022676.nxml.gz_28	4295	4457	such	JJ	4399	4403
768	PMC2022676.nxml.gz	PMC2022676.nxml.gz_28	4295	4457	as	IN	4404	4406
769	PMC2022676.nxml.gz	PMC2022676.nxml.gz_28	4295	4457	fat	NN	4407	4410
770	PMC2022676.nxml.gz	PMC2022676.nxml.gz_28	4295	4457	;	:	4410	4411
771	PMC2022676.nxml.gz	PMC2022676.nxml.gz_28	4295	4457	acids	NNS	4412	4417
772	PMC2022676.nxml.gz	PMC2022676.nxml.gz_28	4295	4457	known	VBN	4418	4423
773	PMC2022676.nxml.gz	PMC2022676.nxml.gz_28	4295	4457	as	IN	4424	4426
774	PMC2022676.nxml.gz	PMC2022676.nxml.gz_28	4295	4457	ketones	NNS	4427	4434
775	PMC2022676.nxml.gz	PMC2022676.nxml.gz_28	4295	4457	build	VBP	4435	4440
776	PMC2022676.nxml.gz	PMC2022676.nxml.gz_28	4295	4457	up	RP	4441	4443
777	PMC2022676.nxml.gz	PMC2022676.nxml.gz_28	4295	4457	in	IN	4444	4446
778	PMC2022676.nxml.gz	PMC2022676.nxml.gz_28	4295	4457	the	DT	4447	4450
779	PMC2022676.nxml.gz	PMC2022676.nxml.gz_28	4295	4457	blood	NN	4451	4456
780	PMC2022676.nxml.gz	PMC2022676.nxml.gz_28	4295	4457	.	.	4456	4457
781	PMC2022676.nxml.gz	PMC2022676.nxml.gz_29	4458	4521	One	CD	4458	4461
782	PMC2022676.nxml.gz	PMC2022676.nxml.gz_29	4458	4521	of	IN	4462	4464
783	PMC2022676.nxml.gz	PMC2022676.nxml.gz_29	4458	4521	the	DT	4465	4468
784	PMC2022676.nxml.gz	PMC2022676.nxml.gz_29	4458	4521	by	IN	4469	4471
785	PMC2022676.nxml.gz	PMC2022676.nxml.gz_29	4458	4521	-	:	4471	4472
786	PMC2022676.nxml.gz	PMC2022676.nxml.gz_29	4458	4521	products	NNS	4472	4480
787	PMC2022676.nxml.gz	PMC2022676.nxml.gz_29	4458	4521	of	IN	4481	4483
788	PMC2022676.nxml.gz	PMC2022676.nxml.gz_29	4458	4521	ketoacidosis	NN	4484	4496
789	PMC2022676.nxml.gz	PMC2022676.nxml.gz_29	4458	4521	is	VBZ	4497	4499
790	PMC2022676.nxml.gz	PMC2022676.nxml.gz_29	4458	4521	beta	JJ	4500	4504
791	PMC2022676.nxml.gz	PMC2022676.nxml.gz_29	4458	4521	-	:	4504	4505
792	PMC2022676.nxml.gz	PMC2022676.nxml.gz_29	4458	4521	hydroxybutyrate	NN	4505	4520
793	PMC2022676.nxml.gz	PMC2022676.nxml.gz_29	4458	4521	.	.	4520	4521
794	PMC2022676.nxml.gz	PMC2022676.nxml.gz_30	4522	4637	When	WRB	4522	4526
795	PMC2022676.nxml.gz	PMC2022676.nxml.gz_30	4522	4637	this	DT	4527	4531
796	PMC2022676.nxml.gz	PMC2022676.nxml.gz_30	4522	4637	compound	NN	4532	4540
797	PMC2022676.nxml.gz	PMC2022676.nxml.gz_30	4522	4637	is	VBZ	4541	4543
798	PMC2022676.nxml.gz	PMC2022676.nxml.gz_30	4522	4637	elevated	VBN	4544	4552
799	PMC2022676.nxml.gz	PMC2022676.nxml.gz_30	4522	4637	during	IN	4553	4559
800	PMC2022676.nxml.gz	PMC2022676.nxml.gz_30	4522	4637	gestation	NN	4560	4569
801	PMC2022676.nxml.gz	PMC2022676.nxml.gz_30	4522	4637	,	,	4569	4570
802	PMC2022676.nxml.gz	PMC2022676.nxml.gz_30	4522	4637	it	PRP	4571	4573
803	PMC2022676.nxml.gz	PMC2022676.nxml.gz_30	4522	4637	can	MD	4574	4577
804	PMC2022676.nxml.gz	PMC2022676.nxml.gz_30	4522	4637	stunt	VB	4578	4583
805	PMC2022676.nxml.gz	PMC2022676.nxml.gz_30	4522	4637	behavioral	JJ	4584	4594
806	PMC2022676.nxml.gz	PMC2022676.nxml.gz_30	4522	4637	and	CC	4595	4598
807	PMC2022676.nxml.gz	PMC2022676.nxml.gz_30	4522	4637	intellectual	JJ	4599	4611
808	PMC2022676.nxml.gz	PMC2022676.nxml.gz_30	4522	4637	development	NN	4612	4623
809	PMC2022676.nxml.gz	PMC2022676.nxml.gz_30	4522	4637	in	IN	4624	4626
810	PMC2022676.nxml.gz	PMC2022676.nxml.gz_30	4522	4637	offspring	VBG	4627	4636
811	PMC2022676.nxml.gz	PMC2022676.nxml.gz_30	4522	4637	.	.	4636	4637
812	PMC2022676.nxml.gz	PMC2022676.nxml.gz_31	4638	4839	“	NN	4638	4639
813	PMC2022676.nxml.gz	PMC2022676.nxml.gz_31	4638	4839	In	IN	4639	4641
814	PMC2022676.nxml.gz	PMC2022676.nxml.gz_31	4638	4839	pregnant	JJ	4642	4650
815	PMC2022676.nxml.gz	PMC2022676.nxml.gz_31	4638	4839	women	NNS	4651	4656
816	PMC2022676.nxml.gz	PMC2022676.nxml.gz_31	4638	4839	,	,	4656	4657
817	PMC2022676.nxml.gz	PMC2022676.nxml.gz_31	4638	4839	even	RB	4658	4662
818	PMC2022676.nxml.gz	PMC2022676.nxml.gz_31	4638	4839	mild	JJ	4663	4667
819	PMC2022676.nxml.gz	PMC2022676.nxml.gz_31	4638	4839	ketoacidosis	NN	4668	4680
820	PMC2022676.nxml.gz	PMC2022676.nxml.gz_31	4638	4839	is	VBZ	4681	4683
821	PMC2022676.nxml.gz	PMC2022676.nxml.gz_31	4638	4839	a	DT	4684	4685
822	PMC2022676.nxml.gz	PMC2022676.nxml.gz_31	4638	4839	very	RB	4686	4690
823	PMC2022676.nxml.gz	PMC2022676.nxml.gz_31	4638	4839	serious	JJ	4691	4698
824	PMC2022676.nxml.gz	PMC2022676.nxml.gz_31	4638	4839	condition	NN	4699	4708
825	PMC2022676.nxml.gz	PMC2022676.nxml.gz_31	4638	4839	that	WDT	4709	4713
826	PMC2022676.nxml.gz	PMC2022676.nxml.gz_31	4638	4839	has	VBZ	4714	4717
827	PMC2022676.nxml.gz	PMC2022676.nxml.gz_31	4638	4839	an	DT	4718	4720
828	PMC2022676.nxml.gz	PMC2022676.nxml.gz_31	4638	4839	adverse	JJ	4721	4728
829	PMC2022676.nxml.gz	PMC2022676.nxml.gz_31	4638	4839	effect	NN	4729	4735
830	PMC2022676.nxml.gz	PMC2022676.nxml.gz_31	4638	4839	on	IN	4736	4738
831	PMC2022676.nxml.gz	PMC2022676.nxml.gz_31	4638	4839	fetal	JJ	4739	4744
832	PMC2022676.nxml.gz	PMC2022676.nxml.gz_31	4638	4839	growth	NN	4745	4751
833	PMC2022676.nxml.gz	PMC2022676.nxml.gz_31	4638	4839	and	CC	4752	4755
834	PMC2022676.nxml.gz	PMC2022676.nxml.gz_31	4638	4839	development	NN	4756	4767
835	PMC2022676.nxml.gz	PMC2022676.nxml.gz_31	4638	4839	,”	NNP	4767	4769
836	PMC2022676.nxml.gz	PMC2022676.nxml.gz_31	4638	4839	says	VBZ	4770	4774
837	PMC2022676.nxml.gz	PMC2022676.nxml.gz_31	4638	4839	Natalia	NNP	4775	4782
838	PMC2022676.nxml.gz	PMC2022676.nxml.gz_31	4638	4839	Igosheva	NNP	4783	4791
839	PMC2022676.nxml.gz	PMC2022676.nxml.gz_31	4638	4839	,	,	4791	4792
840	PMC2022676.nxml.gz	PMC2022676.nxml.gz_31	4638	4839	a	DT	4793	4794
841	PMC2022676.nxml.gz	PMC2022676.nxml.gz_31	4638	4839	research	NN	4795	4803
842	PMC2022676.nxml.gz	PMC2022676.nxml.gz_31	4638	4839	scientist	NN	4804	4813
843	PMC2022676.nxml.gz	PMC2022676.nxml.gz_31	4638	4839	at	IN	4814	4816
844	PMC2022676.nxml.gz	PMC2022676.nxml.gz_31	4638	4839	King	NNP	4817	4821
845	PMC2022676.nxml.gz	PMC2022676.nxml.gz_31	4638	4839	’	NNP	4821	4822
846	PMC2022676.nxml.gz	PMC2022676.nxml.gz_31	4638	4839	s	VBD	4822	4823
847	PMC2022676.nxml.gz	PMC2022676.nxml.gz_31	4638	4839	College	NNP	4824	4831
848	PMC2022676.nxml.gz	PMC2022676.nxml.gz_31	4638	4839	London	NNP	4832	4838
849	PMC2022676.nxml.gz	PMC2022676.nxml.gz_31	4638	4839	.	.	4838	4839
850	PMC2022676.nxml.gz	PMC2022676.nxml.gz_32	4840	5105	“	NN	4840	4841
851	PMC2022676.nxml.gz	PMC2022676.nxml.gz_32	4840	5105	Diet	NNP	4841	4845
852	PMC2022676.nxml.gz	PMC2022676.nxml.gz_32	4840	5105	-	:	4845	4846
853	PMC2022676.nxml.gz	PMC2022676.nxml.gz_32	4840	5105	induced	VBD	4846	4853
854	PMC2022676.nxml.gz	PMC2022676.nxml.gz_32	4840	5105	metabolic	JJ	4854	4863
855	PMC2022676.nxml.gz	PMC2022676.nxml.gz_32	4840	5105	ketoacidosis	NN	4864	4876
856	PMC2022676.nxml.gz	PMC2022676.nxml.gz_32	4840	5105	represents	VBZ	4877	4887
857	PMC2022676.nxml.gz	PMC2022676.nxml.gz_32	4840	5105	a	DT	4888	4889
858	PMC2022676.nxml.gz	PMC2022676.nxml.gz_32	4840	5105	possible	JJ	4890	4898
859	PMC2022676.nxml.gz	PMC2022676.nxml.gz_32	4840	5105	mechanism	NN	4899	4908
860	PMC2022676.nxml.gz	PMC2022676.nxml.gz_32	4840	5105	for	IN	4909	4912
861	PMC2022676.nxml.gz	PMC2022676.nxml.gz_32	4840	5105	the	DT	4913	4916
862	PMC2022676.nxml.gz	PMC2022676.nxml.gz_32	4840	5105	impact	NN	4917	4923
863	PMC2022676.nxml.gz	PMC2022676.nxml.gz_32	4840	5105	of	IN	4924	4926
864	PMC2022676.nxml.gz	PMC2022676.nxml.gz_32	4840	5105	an	DT	4927	4929
865	PMC2022676.nxml.gz	PMC2022676.nxml.gz_32	4840	5105	unbalanced	JJ	4930	4940
866	PMC2022676.nxml.gz	PMC2022676.nxml.gz_32	4840	5105	maternal	JJ	4941	4949
867	PMC2022676.nxml.gz	PMC2022676.nxml.gz_32	4840	5105	diet	NN	4950	4954
868	PMC2022676.nxml.gz	PMC2022676.nxml.gz_32	4840	5105	on	IN	4955	4957
869	PMC2022676.nxml.gz	PMC2022676.nxml.gz_32	4840	5105	the	DT	4958	4961
870	PMC2022676.nxml.gz	PMC2022676.nxml.gz_32	4840	5105	offspring	VBG	4962	4971
871	PMC2022676.nxml.gz	PMC2022676.nxml.gz_32	4840	5105	’	NNP	4971	4972
872	PMC2022676.nxml.gz	PMC2022676.nxml.gz_32	4840	5105	s	JJ	4972	4973
873	PMC2022676.nxml.gz	PMC2022676.nxml.gz_32	4840	5105	neurodevelopment	JJ	4974	4990
874	PMC2022676.nxml.gz	PMC2022676.nxml.gz_32	4840	5105	.”	NN	4990	4992
875	PMC2022676.nxml.gz	PMC2022676.nxml.gz_32	4840	5105	Instead	RB	4993	5000
876	PMC2022676.nxml.gz	PMC2022676.nxml.gz_32	4840	5105	of	IN	5001	5003
877	PMC2022676.nxml.gz	PMC2022676.nxml.gz_32	4840	5105	low	JJ	5004	5007
878	PMC2022676.nxml.gz	PMC2022676.nxml.gz_32	4840	5105	-	:	5007	5008
879	PMC2022676.nxml.gz	PMC2022676.nxml.gz_32	4840	5105	carb	NN	5008	5012
880	PMC2022676.nxml.gz	PMC2022676.nxml.gz_32	4840	5105	/	RB	5012	5013
881	PMC2022676.nxml.gz	PMC2022676.nxml.gz_32	4840	5105	high	JJ	5013	5017
882	PMC2022676.nxml.gz	PMC2022676.nxml.gz_32	4840	5105	-	:	5017	5018
883	PMC2022676.nxml.gz	PMC2022676.nxml.gz_32	4840	5105	protein	NN	5018	5025
884	PMC2022676.nxml.gz	PMC2022676.nxml.gz_32	4840	5105	diets	NNS	5026	5031
885	PMC2022676.nxml.gz	PMC2022676.nxml.gz_32	4840	5105	,	,	5031	5032
886	PMC2022676.nxml.gz	PMC2022676.nxml.gz_32	4840	5105	Reynolds	NNP	5033	5041
887	PMC2022676.nxml.gz	PMC2022676.nxml.gz_32	4840	5105	urges	VBZ	5042	5047
888	PMC2022676.nxml.gz	PMC2022676.nxml.gz_32	4840	5105	women	NNS	5048	5053
889	PMC2022676.nxml.gz	PMC2022676.nxml.gz_32	4840	5105	of	IN	5054	5056
890	PMC2022676.nxml.gz	PMC2022676.nxml.gz_32	4840	5105	child	JJ	5057	5062
891	PMC2022676.nxml.gz	PMC2022676.nxml.gz_32	4840	5105	-	:	5062	5063
892	PMC2022676.nxml.gz	PMC2022676.nxml.gz_32	4840	5105	bearing	NN	5063	5070
893	PMC2022676.nxml.gz	PMC2022676.nxml.gz_32	4840	5105	age	NN	5071	5074
894	PMC2022676.nxml.gz	PMC2022676.nxml.gz_32	4840	5105	to	TO	5075	5077
895	PMC2022676.nxml.gz	PMC2022676.nxml.gz_32	4840	5105	strive	VB	5078	5084
896	PMC2022676.nxml.gz	PMC2022676.nxml.gz_32	4840	5105	for	IN	5085	5088
897	PMC2022676.nxml.gz	PMC2022676.nxml.gz_32	4840	5105	a	DT	5089	5090
898	PMC2022676.nxml.gz	PMC2022676.nxml.gz_32	4840	5105	balanced	JJ	5091	5099
899	PMC2022676.nxml.gz	PMC2022676.nxml.gz_32	4840	5105	diet	NN	5100	5104
900	PMC2022676.nxml.gz	PMC2022676.nxml.gz_32	4840	5105	.	.	5104	5105
901	PMC2022676.nxml.gz	PMC2022676.nxml.gz_33	5106	5418	This	DT	5106	5110
902	PMC2022676.nxml.gz	PMC2022676.nxml.gz_33	5106	5418	is	VBZ	5111	5113
903	PMC2022676.nxml.gz	PMC2022676.nxml.gz_33	5106	5418	supported	VBN	5114	5123
904	PMC2022676.nxml.gz	PMC2022676.nxml.gz_33	5106	5418	by	IN	5124	5126
905	PMC2022676.nxml.gz	PMC2022676.nxml.gz_33	5106	5418	a	DT	5127	5128
906	PMC2022676.nxml.gz	PMC2022676.nxml.gz_33	5106	5418	recent	JJ	5129	5135
907	PMC2022676.nxml.gz	PMC2022676.nxml.gz_33	5106	5418	study	NN	5136	5141
908	PMC2022676.nxml.gz	PMC2022676.nxml.gz_33	5106	5418	out	IN	5142	5145
909	PMC2022676.nxml.gz	PMC2022676.nxml.gz_33	5106	5418	of	IN	5146	5148
910	PMC2022676.nxml.gz	PMC2022676.nxml.gz_33	5106	5418	Spain	NNP	5149	5154
911	PMC2022676.nxml.gz	PMC2022676.nxml.gz_33	5106	5418	,	,	5154	5155
912	PMC2022676.nxml.gz	PMC2022676.nxml.gz_33	5106	5418	published	VBN	5156	5165
913	PMC2022676.nxml.gz	PMC2022676.nxml.gz_33	5106	5418	in	IN	5166	5168
914	PMC2022676.nxml.gz	PMC2022676.nxml.gz_33	5106	5418	the	DT	5169	5172
915	PMC2022676.nxml.gz	PMC2022676.nxml.gz_33	5106	5418	February	NNP	5173	5181
916	PMC2022676.nxml.gz	PMC2022676.nxml.gz_33	5106	5418	2007	CD	5182	5186
917	PMC2022676.nxml.gz	PMC2022676.nxml.gz_33	5106	5418	issue	NN	5187	5192
918	PMC2022676.nxml.gz	PMC2022676.nxml.gz_33	5106	5418	of	IN	5193	5195
919	PMC2022676.nxml.gz	PMC2022676.nxml.gz_33	5106	5418	Clinical	NNP	5196	5204
920	PMC2022676.nxml.gz	PMC2022676.nxml.gz_33	5106	5418	Endocrinology	NNP	5205	5218
921	PMC2022676.nxml.gz	PMC2022676.nxml.gz_33	5106	5418	,	,	5219	5220
922	PMC2022676.nxml.gz	PMC2022676.nxml.gz_33	5106	5418	in	IN	5221	5223
923	PMC2022676.nxml.gz	PMC2022676.nxml.gz_33	5106	5418	which	WDT	5224	5229
924	PMC2022676.nxml.gz	PMC2022676.nxml.gz_33	5106	5418	women	NNS	5230	5235
925	PMC2022676.nxml.gz	PMC2022676.nxml.gz_33	5106	5418	who	WP	5236	5239
926	PMC2022676.nxml.gz	PMC2022676.nxml.gz_33	5106	5418	chose	VBD	5240	5245
927	PMC2022676.nxml.gz	PMC2022676.nxml.gz_33	5106	5418	a	DT	5246	5247
928	PMC2022676.nxml.gz	PMC2022676.nxml.gz_33	5106	5418	dietary	JJ	5248	5255
929	PMC2022676.nxml.gz	PMC2022676.nxml.gz_33	5106	5418	pattern	NN	5256	5263
930	PMC2022676.nxml.gz	PMC2022676.nxml.gz_33	5106	5418	closer	RBR	5264	5270
931	PMC2022676.nxml.gz	PMC2022676.nxml.gz_33	5106	5418	to	TO	5271	5273
932	PMC2022676.nxml.gz	PMC2022676.nxml.gz_33	5106	5418	the	DT	5274	5277
933	PMC2022676.nxml.gz	PMC2022676.nxml.gz_33	5106	5418	Mediterranean	NNP	5278	5291
934	PMC2022676.nxml.gz	PMC2022676.nxml.gz_33	5106	5418	diet	NN	5292	5296
935	PMC2022676.nxml.gz	PMC2022676.nxml.gz_33	5106	5418	(	(	5297	5298
936	PMC2022676.nxml.gz	PMC2022676.nxml.gz_33	5106	5418	which	WDT	5298	5303
937	PMC2022676.nxml.gz	PMC2022676.nxml.gz_33	5106	5418	emphasizes	VBZ	5304	5314
938	PMC2022676.nxml.gz	PMC2022676.nxml.gz_33	5106	5418	fruits	NNS	5315	5321
939	PMC2022676.nxml.gz	PMC2022676.nxml.gz_33	5106	5418	,	,	5321	5322
940	PMC2022676.nxml.gz	PMC2022676.nxml.gz_33	5106	5418	vegetables	NNS	5323	5333
941	PMC2022676.nxml.gz	PMC2022676.nxml.gz_33	5106	5418	,	,	5333	5334
942	PMC2022676.nxml.gz	PMC2022676.nxml.gz_33	5106	5418	nuts	NNS	5335	5339
943	PMC2022676.nxml.gz	PMC2022676.nxml.gz_33	5106	5418	,	,	5339	5340
944	PMC2022676.nxml.gz	PMC2022676.nxml.gz_33	5106	5418	olive	JJ	5341	5346
945	PMC2022676.nxml.gz	PMC2022676.nxml.gz_33	5106	5418	oil	NN	5347	5350
946	PMC2022676.nxml.gz	PMC2022676.nxml.gz_33	5106	5418	,	,	5350	5351
947	PMC2022676.nxml.gz	PMC2022676.nxml.gz_33	5106	5418	chicken	NN	5352	5359
948	PMC2022676.nxml.gz	PMC2022676.nxml.gz_33	5106	5418	,	,	5359	5360
949	PMC2022676.nxml.gz	PMC2022676.nxml.gz_33	5106	5418	and	CC	5361	5364
950	PMC2022676.nxml.gz	PMC2022676.nxml.gz_33	5106	5418	seafood	NN	5365	5372
951	PMC2022676.nxml.gz	PMC2022676.nxml.gz_33	5106	5418	)	)	5372	5373
952	PMC2022676.nxml.gz	PMC2022676.nxml.gz_33	5106	5418	showed	VBD	5374	5380
953	PMC2022676.nxml.gz	PMC2022676.nxml.gz_33	5106	5418	lower	JJR	5381	5386
954	PMC2022676.nxml.gz	PMC2022676.nxml.gz_33	5106	5418	levels	NNS	5387	5393
955	PMC2022676.nxml.gz	PMC2022676.nxml.gz_33	5106	5418	of	IN	5394	5396
956	PMC2022676.nxml.gz	PMC2022676.nxml.gz_33	5106	5418	HPA	NNP	5397	5400
957	PMC2022676.nxml.gz	PMC2022676.nxml.gz_33	5106	5418	axis	JJ	5401	5405
958	PMC2022676.nxml.gz	PMC2022676.nxml.gz_33	5106	5418	disturbance	NN	5406	5417
959	PMC2022676.nxml.gz	PMC2022676.nxml.gz_33	5106	5418	.	.	5417	5418
960	PMC2022676.nxml.gz	PMC2022676.nxml.gz_34	5420	5435	PubMed	JJ	5420	5426
961	PMC2022676.nxml.gz	PMC2022676.nxml.gz_34	5420	5435	Central	NNP	5427	5434
962	PMC2022676.nxml.gz	PMC2022676.nxml.gz_34	5420	5435	:	:	5434	5435
